adm0_id,adm0_name,adm1_id,adm1_name,mkt_id,mkt_name,cm_id,cm_name,cur_id,cur_name,pt_id,pt_name,um_id,um_name,mp_month,mp_year,mp_price,mp_commoditysource
73,Ecuador,1144,Guayas,2582,Guayaquil,56,Maize (local) - Wholesale,0,USD,14,Wholesale,5,KG,1,2021,0.7,
73,Ecuador,1144,Guayas,2582,Guayaquil,56,Maize (local) - Wholesale,0,USD,14,Wholesale,5,KG,2,2021,0.645,
73,Ecuador,1144,Guayas,2582,Guayaquil,56,Maize (local) - Wholesale,0,USD,14,Wholesale,5,KG,3,2021,0.8333,
73,Ecuador,1144,Guayas,2582,Guayaquil,56,Maize (local) - Wholesale,0,USD,14,Wholesale,5,KG,4,2021,0.9367,
73,Ecuador,1144,Guayas,2582,Guayaquil,56,Maize (local) - Wholesale,0,USD,14,Wholesale,5,KG,5,2021,0.84,
73,Ecuador,1144,Guayas,2582,Guayaquil,56,Maize (local) - Wholesale,0,USD,14,Wholesale,5,KG,6,2021,0.62,
73,Ecuador,1144,Guayas,2582,Guayaquil,56,Maize (local) - Wholesale,0,USD,14,Wholesale,5,KG,7,2021,0.5,
73,Ecuador,1144,Guayas,2582,Guayaquil,66,Beans (white) - Wholesale,0,USD,14,Wholesale,5,KG,1,2021,1.27,
73,Ecuador,1144,Guayas,2582,Guayaquil,66,Beans (white) - Wholesale,0,USD,14,Wholesale,5,KG,2,2021,1.32,
73,Ecuador,1144,Guayas,2582,Guayaquil,66,Beans (white) - Wholesale,0,USD,14,Wholesale,5,KG,3,2021,1.4,
73,Ecuador,1144,Guayas,2582,Guayaquil,66,Beans (white) - Wholesale,0,USD,14,Wholesale,5,KG,4,2021,1.4033,
73,Ecuador,1144,Guayas,2582,Guayaquil,66,Beans (white) - Wholesale,0,USD,14,Wholesale,5,KG,5,2021,1.3733,
73,Ecuador,1144,Guayas,2582,Guayaquil,66,Beans (white) - Wholesale,0,USD,14,Wholesale,5,KG,6,2021,1.3333,
73,Ecuador,1144,Guayas,2582,Guayaquil,66,Beans (white) - Wholesale,0,USD,14,Wholesale,5,KG,7,2021,1.31,
73,Ecuador,1144,Guayas,2582,Guayaquil,68,Cassava - Wholesale,0,USD,14,Wholesale,5,KG,1,2021,0.23,
73,Ecuador,1144,Guayas,2582,Guayaquil,68,Cassava - Wholesale,0,USD,14,Wholesale,5,KG,2,2021,0.235,
73,Ecuador,1144,Guayas,2582,Guayaquil,68,Cassava - Wholesale,0,USD,14,Wholesale,5,KG,3,2021,0.2533,
73,Ecuador,1144,Guayas,2582,Guayaquil,68,Cassava - Wholesale,0,USD,14,Wholesale,5,KG,4,2021,0.2333,
73,Ecuador,1144,Guayas,2582,Guayaquil,68,Cassava - Wholesale,0,USD,14,Wholesale,5,KG,5,2021,0.2333,
73,Ecuador,1144,Guayas,2582,Guayaquil,68,Cassava - Wholesale,0,USD,14,Wholesale,5,KG,6,2021,0.26,
73,Ecuador,1144,Guayas,2582,Guayaquil,68,Cassava - Wholesale,0,USD,14,Wholesale,5,KG,7,2021,0.3133,
73,Ecuador,1144,Guayas,2582,Guayaquil,105,Garlic - Wholesale,0,USD,14,Wholesale,5,KG,1,2021,1.34,
73,Ecuador,1144,Guayas,2582,Guayaquil,105,Garlic - Wholesale,0,USD,14,Wholesale,5,KG,2,2021,1.7,
73,Ecuador,1144,Guayas,2582,Guayaquil,105,Garlic - Wholesale,0,USD,14,Wholesale,5,KG,3,2021,1.7633,
73,Ecuador,1144,Guayas,2582,Guayaquil,105,Garlic - Wholesale,0,USD,14,Wholesale,5,KG,4,2021,1.8267,
73,Ecuador,1144,Guayas,2582,Guayaquil,105,Garlic - Wholesale,0,USD,14,Wholesale,5,KG,5,2021,1.8,
73,Ecuador,1144,Guayas,2582,Guayaquil,105,Garlic - Wholesale,0,USD,14,Wholesale,5,KG,6,2021,1.8,
73,Ecuador,1144,Guayas,2582,Guayaquil,105,Garlic - Wholesale,0,USD,14,Wholesale,5,KG,7,2021,1.8,
73,Ecuador,1144,Guayas,2582,Guayaquil,108,Lentils - Wholesale,0,USD,14,Wholesale,5,KG,1,2021,0.99,
73,Ecuador,1144,Guayas,2582,Guayaquil,108,Lentils - Wholesale,0,USD,14,Wholesale,5,KG,2,2021,1.01,
73,Ecuador,1144,Guayas,2582,Guayaquil,108,Lentils - Wholesale,0,USD,14,Wholesale,5,KG,3,2021,1.1367,
73,Ecuador,1144,Guayas,2582,Guayaquil,108,Lentils - Wholesale,0,USD,14,Wholesale,5,KG,4,2021,1.21,
73,Ecuador,1144,Guayas,2582,Guayaquil,108,Lentils - Wholesale,0,USD,14,Wholesale,5,KG,5,2021,1.2233,
73,Ecuador,1144,Guayas,2582,Guayaquil,108,Lentils - Wholesale,0,USD,14,Wholesale,5,KG,6,2021,1.2867,
73,Ecuador,1144,Guayas,2582,Guayaquil,108,Lentils - Wholesale,0,USD,14,Wholesale,5,KG,7,2021,1.3833,
73,Ecuador,1144,Guayas,2582,Guayaquil,110,Onions (red) - Wholesale,0,USD,14,Wholesale,5,KG,1,2021,0.25,
73,Ecuador,1144,Guayas,2582,Guayaquil,110,Onions (red) - Wholesale,0,USD,14,Wholesale,5,KG,2,2021,0.285,
73,Ecuador,1144,Guayas,2582,Guayaquil,110,Onions (red) - Wholesale,0,USD,14,Wholesale,5,KG,3,2021,0.3133,
73,Ecuador,1144,Guayas,2582,Guayaquil,110,Onions (red) - Wholesale,0,USD,14,Wholesale,5,KG,4,2021,0.31,
73,Ecuador,1144,Guayas,2582,Guayaquil,110,Onions (red) - Wholesale,0,USD,14,Wholesale,5,KG,5,2021,0.29,
73,Ecuador,1144,Guayas,2582,Guayaquil,110,Onions (red) - Wholesale,0,USD,14,Wholesale,5,KG,6,2021,0.26,
73,Ecuador,1144,Guayas,2582,Guayaquil,110,Onions (red) - Wholesale,0,USD,14,Wholesale,5,KG,7,2021,0.1933,
73,Ecuador,1144,Guayas,2582,Guayaquil,111,Onions (white) - Wholesale,0,USD,14,Wholesale,5,KG,1,2021,0.615,
73,Ecuador,1144,Guayas,2582,Guayaquil,111,Onions (white) - Wholesale,0,USD,14,Wholesale,5,KG,2,2021,0.44,
73,Ecuador,1144,Guayas,2582,Guayaquil,111,Onions (white) - Wholesale,0,USD,14,Wholesale,5,KG,3,2021,0.4667,
73,Ecuador,1144,Guayas,2582,Guayaquil,111,Onions (white) - Wholesale,0,USD,14,Wholesale,5,KG,4,2021,0.54,
73,Ecuador,1144,Guayas,2582,Guayaquil,111,Onions (white) - Wholesale,0,USD,14,Wholesale,5,KG,5,2021,0.42,
73,Ecuador,1144,Guayas,2582,Guayaquil,111,Onions (white) - Wholesale,0,USD,14,Wholesale,5,KG,6,2021,0.37,
73,Ecuador,1144,Guayas,2582,Guayaquil,111,Onions (white) - Wholesale,0,USD,14,Wholesale,5,KG,7,2021,0.4133,
73,Ecuador,1144,Guayas,2582,Guayaquil,126,Noodles (short) - Wholesale,0,USD,14,Wholesale,5,KG,1,2021,0.95,
73,Ecuador,1144,Guayas,2582,Guayaquil,126,Noodles (short) - Wholesale,0,USD,14,Wholesale,5,KG,2,2021,0.95,
73,Ecuador,1144,Guayas,2582,Guayaquil,126,Noodles (short) - Wholesale,0,USD,14,Wholesale,5,KG,3,2021,0.9,
73,Ecuador,1144,Guayas,2582,Guayaquil,126,Noodles (short) - Wholesale,0,USD,14,Wholesale,5,KG,4,2021,0.9,
73,Ecuador,1144,Guayas,2582,Guayaquil,126,Noodles (short) - Wholesale,0,USD,14,Wholesale,5,KG,5,2021,0.9167,
73,Ecuador,1144,Guayas,2582,Guayaquil,126,Noodles (short) - Wholesale,0,USD,14,Wholesale,5,KG,6,2021,0.9667,
73,Ecuador,1144,Guayas,2582,Guayaquil,126,Noodles (short) - Wholesale,0,USD,14,Wholesale,5,KG,7,2021,1,
73,Ecuador,1144,Guayas,2582,Guayaquil,133,Rice (white) - Wholesale,0,USD,14,Wholesale,5,KG,1,2021,0.965,
73,Ecuador,1144,Guayas,2582,Guayaquil,133,Rice (white) - Wholesale,0,USD,14,Wholesale,5,KG,2,2021,0.895,
73,Ecuador,1144,Guayas,2582,Guayaquil,133,Rice (white) - Wholesale,0,USD,14,Wholesale,5,KG,3,2021,0.895,
73,Ecuador,1144,Guayas,2582,Guayaquil,133,Rice (white) - Wholesale,0,USD,14,Wholesale,5,KG,4,2021,0.8833,
73,Ecuador,1144,Guayas,2582,Guayaquil,133,Rice (white) - Wholesale,0,USD,14,Wholesale,5,KG,5,2021,0.8483,
73,Ecuador,1144,Guayas,2582,Guayaquil,133,Rice (white) - Wholesale,0,USD,14,Wholesale,5,KG,6,2021,0.835,
73,Ecuador,1144,Guayas,2582,Guayaquil,133,Rice (white) - Wholesale,0,USD,14,Wholesale,5,KG,7,2021,0.835,
73,Ecuador,1144,Guayas,2582,Guayaquil,136,Maize (yellow) - Wholesale,0,USD,14,Wholesale,5,KG,1,2021,1.1,
73,Ecuador,1144,Guayas,2582,Guayaquil,136,Maize (yellow) - Wholesale,0,USD,14,Wholesale,5,KG,2,2021,1.32,
73,Ecuador,1144,Guayas,2582,Guayaquil,136,Maize (yellow) - Wholesale,0,USD,14,Wholesale,5,KG,3,2021,1.32,
73,Ecuador,1144,Guayas,2582,Guayaquil,136,Maize (yellow) - Wholesale,0,USD,14,Wholesale,5,KG,4,2021,1.32,
73,Ecuador,1144,Guayas,2582,Guayaquil,136,Maize (yellow) - Wholesale,0,USD,14,Wholesale,5,KG,5,2021,1.32,
73,Ecuador,1144,Guayas,2582,Guayaquil,136,Maize (yellow) - Wholesale,0,USD,14,Wholesale,5,KG,6,2021,1.3333,
73,Ecuador,1144,Guayas,2582,Guayaquil,136,Maize (yellow) - Wholesale,0,USD,14,Wholesale,5,KG,7,2021,1.3233,
73,Ecuador,1144,Guayas,2582,Guayaquil,162,Rice (long grain) - Wholesale,0,USD,14,Wholesale,5,KG,1,2021,0.68,
73,Ecuador,1144,Guayas,2582,Guayaquil,162,Rice (long grain) - Wholesale,0,USD,14,Wholesale,5,KG,2,2021,0.645,
73,Ecuador,1144,Guayas,2582,Guayaquil,162,Rice (long grain) - Wholesale,0,USD,14,Wholesale,5,KG,3,2021,0.6733,
73,Ecuador,1144,Guayas,2582,Guayaquil,162,Rice (long grain) - Wholesale,0,USD,14,Wholesale,5,KG,4,2021,0.6333,
73,Ecuador,1144,Guayas,2582,Guayaquil,162,Rice (long grain) - Wholesale,0,USD,14,Wholesale,5,KG,5,2021,0.6033,
73,Ecuador,1144,Guayas,2582,Guayaquil,162,Rice (long grain) - Wholesale,0,USD,14,Wholesale,5,KG,6,2021,0.59,
73,Ecuador,1144,Guayas,2582,Guayaquil,162,Rice (long grain) - Wholesale,0,USD,14,Wholesale,5,KG,7,2021,0.5967,
73,Ecuador,1144,Guayas,2582,Guayaquil,166,Carrots - Wholesale,0,USD,14,Wholesale,5,KG,1,2021,0.23,
73,Ecuador,1144,Guayas,2582,Guayaquil,166,Carrots - Wholesale,0,USD,14,Wholesale,5,KG,2,2021,0.195,
73,Ecuador,1144,Guayas,2582,Guayaquil,166,Carrots - Wholesale,0,USD,14,Wholesale,5,KG,3,2021,0.24,
73,Ecuador,1144,Guayas,2582,Guayaquil,166,Carrots - Wholesale,0,USD,14,Wholesale,5,KG,4,2021,0.2833,
73,Ecuador,1144,Guayas,2582,Guayaquil,166,Carrots - Wholesale,0,USD,14,Wholesale,5,KG,5,2021,0.3167,
73,Ecuador,1144,Guayas,2582,Guayaquil,166,Carrots - Wholesale,0,USD,14,Wholesale,5,KG,6,2021,0.2567,
73,Ecuador,1144,Guayas,2582,Guayaquil,166,Carrots - Wholesale,0,USD,14,Wholesale,5,KG,7,2021,0.25,
73,Ecuador,1144,Guayas,2582,Guayaquil,174,Peanut - Wholesale,0,USD,14,Wholesale,5,KG,2,2021,2.09,
73,Ecuador,1144,Guayas,2582,Guayaquil,174,Peanut - Wholesale,0,USD,14,Wholesale,5,KG,3,2021,0.42,
73,Ecuador,1144,Guayas,2582,Guayaquil,174,Peanut - Wholesale,0,USD,14,Wholesale,5,KG,5,2021,1.9033,
73,Ecuador,1144,Guayas,2582,Guayaquil,174,Peanut - Wholesale,0,USD,14,Wholesale,5,KG,6,2021,1.8,
73,Ecuador,1144,Guayas,2582,Guayaquil,174,Peanut - Wholesale,0,USD,14,Wholesale,5,KG,7,2021,1.77,
73,Ecuador,1144,Guayas,2582,Guayaquil,181,Cabbage - Wholesale,0,USD,14,Wholesale,5,KG,1,2021,0.16,
73,Ecuador,1144,Guayas,2582,Guayaquil,181,Cabbage - Wholesale,0,USD,14,Wholesale,5,KG,2,2021,0.14,
73,Ecuador,1144,Guayas,2582,Guayaquil,181,Cabbage - Wholesale,0,USD,14,Wholesale,5,KG,3,2021,0.19,
73,Ecuador,1144,Guayas,2582,Guayaquil,181,Cabbage - Wholesale,0,USD,14,Wholesale,5,KG,4,2021,0.27,
73,Ecuador,1144,Guayas,2582,Guayaquil,181,Cabbage - Wholesale,0,USD,14,Wholesale,5,KG,5,2021,0.2767,
73,Ecuador,1144,Guayas,2582,Guayaquil,181,Cabbage - Wholesale,0,USD,14,Wholesale,5,KG,6,2021,0.22,
73,Ecuador,1144,Guayas,2582,Guayaquil,181,Cabbage - Wholesale,0,USD,14,Wholesale,5,KG,7,2021,0.1867,
73,Ecuador,1144,Guayas,2582,Guayaquil,184,Oil (sunflower) - Wholesale,0,USD,14,Wholesale,5,KG,3,2021,2.88,
73,Ecuador,1144,Guayas,2582,Guayaquil,184,Oil (sunflower) - Wholesale,0,USD,14,Wholesale,5,KG,4,2021,3.1667,
73,Ecuador,1144,Guayas,2582,Guayaquil,184,Oil (sunflower) - Wholesale,0,USD,14,Wholesale,5,KG,5,2021,3.33,
73,Ecuador,1144,Guayas,2582,Guayaquil,184,Oil (sunflower) - Wholesale,0,USD,14,Wholesale,5,KG,6,2021,3.44,
73,Ecuador,1144,Guayas,2582,Guayaquil,184,Oil (sunflower) - Wholesale,0,USD,14,Wholesale,5,KG,7,2021,3.66,
73,Ecuador,1144,Guayas,2582,Guayaquil,213,Potatoes (unica) - Wholesale,0,USD,14,Wholesale,5,KG,1,2021,0.29,
73,Ecuador,1144,Guayas,2582,Guayaquil,213,Potatoes (unica) - Wholesale,0,USD,14,Wholesale,5,KG,2,2021,0.385,
73,Ecuador,1144,Guayas,2582,Guayaquil,213,Potatoes (unica) - Wholesale,0,USD,14,Wholesale,5,KG,3,2021,0.3767,
73,Ecuador,1144,Guayas,2582,Guayaquil,213,Potatoes (unica) - Wholesale,0,USD,14,Wholesale,5,KG,4,2021,0.33,
73,Ecuador,1144,Guayas,2582,Guayaquil,213,Potatoes (unica) - Wholesale,0,USD,14,Wholesale,5,KG,5,2021,0.33,
73,Ecuador,1144,Guayas,2582,Guayaquil,213,Potatoes (unica) - Wholesale,0,USD,14,Wholesale,5,KG,6,2021,0.35,
73,Ecuador,1144,Guayas,2582,Guayaquil,213,Potatoes (unica) - Wholesale,0,USD,14,Wholesale,5,KG,7,2021,0.37,
73,Ecuador,1144,Guayas,2582,Guayaquil,222,"Oil (vegetable, local) - Wholesale",0,USD,14,Wholesale,5,KG,1,2021,1.6,
73,Ecuador,1144,Guayas,2582,Guayaquil,222,"Oil (vegetable, local) - Wholesale",0,USD,14,Wholesale,5,KG,2,2021,1.6,
73,Ecuador,1144,Guayas,2582,Guayaquil,222,"Oil (vegetable, local) - Wholesale",0,USD,14,Wholesale,5,KG,3,2021,1.6667,
73,Ecuador,1144,Guayas,2582,Guayaquil,222,"Oil (vegetable, local) - Wholesale",0,USD,14,Wholesale,5,KG,4,2021,1.8667,
73,Ecuador,1144,Guayas,2582,Guayaquil,222,"Oil (vegetable, local) - Wholesale",0,USD,14,Wholesale,5,KG,5,2021,2,
73,Ecuador,1144,Guayas,2582,Guayaquil,222,"Oil (vegetable, local) - Wholesale",0,USD,14,Wholesale,5,KG,6,2021,2.1533,
73,Ecuador,1144,Guayas,2582,Guayaquil,222,"Oil (vegetable, local) - Wholesale",0,USD,14,Wholesale,5,KG,7,2021,2.46,
73,Ecuador,1144,Guayas,2582,Guayaquil,243,Tomatoes (greenhouse) - Wholesale,0,USD,14,Wholesale,5,KG,1,2021,0.59,
73,Ecuador,1144,Guayas,2582,Guayaquil,243,Tomatoes (greenhouse) - Wholesale,0,USD,14,Wholesale,5,KG,2,2021,0.525,
73,Ecuador,1144,Guayas,2582,Guayaquil,243,Tomatoes (greenhouse) - Wholesale,0,USD,14,Wholesale,5,KG,3,2021,0.5967,
73,Ecuador,1144,Guayas,2582,Guayaquil,243,Tomatoes (greenhouse) - Wholesale,0,USD,14,Wholesale,5,KG,4,2021,0.6867,
73,Ecuador,1144,Guayas,2582,Guayaquil,243,Tomatoes (greenhouse) - Wholesale,0,USD,14,Wholesale,5,KG,5,2021,0.76,
73,Ecuador,1144,Guayas,2582,Guayaquil,243,Tomatoes (greenhouse) - Wholesale,0,USD,14,Wholesale,5,KG,6,2021,0.7167,
73,Ecuador,1144,Guayas,2582,Guayaquil,243,Tomatoes (greenhouse) - Wholesale,0,USD,14,Wholesale,5,KG,7,2021,0.7267,
73,Ecuador,1144,Guayas,2582,Guayaquil,254,Bananas - Wholesale,0,USD,14,Wholesale,5,KG,1,2021,0.23,
73,Ecuador,1144,Guayas,2582,Guayaquil,254,Bananas - Wholesale,0,USD,14,Wholesale,5,KG,2,2021,0.23,
73,Ecuador,1144,Guayas,2582,Guayaquil,254,Bananas - Wholesale,0,USD,14,Wholesale,5,KG,3,2021,0.23,
73,Ecuador,1144,Guayas,2582,Guayaquil,254,Bananas - Wholesale,0,USD,14,Wholesale,5,KG,4,2021,0.22,
73,Ecuador,1144,Guayas,2582,Guayaquil,254,Bananas - Wholesale,0,USD,14,Wholesale,5,KG,5,2021,0.23,
73,Ecuador,1144,Guayas,2582,Guayaquil,254,Bananas - Wholesale,0,USD,14,Wholesale,5,KG,6,2021,0.23,
73,Ecuador,1144,Guayas,2582,Guayaquil,254,Bananas - Wholesale,0,USD,14,Wholesale,5,KG,7,2021,0.23,
73,Ecuador,1144,Guayas,2582,Guayaquil,315,Lemons - Wholesale,0,USD,14,Wholesale,5,KG,1,2021,0.38,
73,Ecuador,1144,Guayas,2582,Guayaquil,315,Lemons - Wholesale,0,USD,14,Wholesale,5,KG,2,2021,0.265,
73,Ecuador,1144,Guayas,2582,Guayaquil,315,Lemons - Wholesale,0,USD,14,Wholesale,5,KG,3,2021,0.3167,
73,Ecuador,1144,Guayas,2582,Guayaquil,315,Lemons - Wholesale,0,USD,14,Wholesale,5,KG,4,2021,0.4733,
73,Ecuador,1144,Guayas,2582,Guayaquil,315,Lemons - Wholesale,0,USD,14,Wholesale,5,KG,5,2021,0.36,
73,Ecuador,1144,Guayas,2582,Guayaquil,315,Lemons - Wholesale,0,USD,14,Wholesale,5,KG,6,2021,0.4967,
73,Ecuador,1144,Guayas,2582,Guayaquil,315,Lemons - Wholesale,0,USD,14,Wholesale,5,KG,7,2021,0.6333,
73,Ecuador,1144,Guayas,2582,Guayaquil,318,Lettuce - Wholesale,0,USD,14,Wholesale,5,KG,1,2021,0.15,
73,Ecuador,1144,Guayas,2582,Guayaquil,318,Lettuce - Wholesale,0,USD,14,Wholesale,5,KG,2,2021,0.18,
73,Ecuador,1144,Guayas,2582,Guayaquil,318,Lettuce - Wholesale,0,USD,14,Wholesale,5,KG,3,2021,0.18,
73,Ecuador,1144,Guayas,2582,Guayaquil,318,Lettuce - Wholesale,0,USD,14,Wholesale,5,KG,4,2021,0.1867,
73,Ecuador,1144,Guayas,2582,Guayaquil,318,Lettuce - Wholesale,0,USD,14,Wholesale,5,KG,5,2021,0.18,
73,Ecuador,1144,Guayas,2582,Guayaquil,318,Lettuce - Wholesale,0,USD,14,Wholesale,5,KG,6,2021,0.18,
73,Ecuador,1144,Guayas,2582,Guayaquil,318,Lettuce - Wholesale,0,USD,14,Wholesale,5,KG,7,2021,0.18,
73,Ecuador,1144,Guayas,2582,Guayaquil,345,Apples - Wholesale,0,USD,14,Wholesale,5,KG,1,2021,1.2,
73,Ecuador,1144,Guayas,2582,Guayaquil,345,Apples - Wholesale,0,USD,14,Wholesale,5,KG,2,2021,1.2,
73,Ecuador,1144,Guayas,2582,Guayaquil,345,Apples - Wholesale,0,USD,14,Wholesale,5,KG,3,2021,1.18,
73,Ecuador,1144,Guayas,2582,Guayaquil,345,Apples - Wholesale,0,USD,14,Wholesale,5,KG,4,2021,1.1267,
73,Ecuador,1144,Guayas,2582,Guayaquil,345,Apples - Wholesale,0,USD,14,Wholesale,5,KG,5,2021,1.14,
73,Ecuador,1144,Guayas,2582,Guayaquil,345,Apples - Wholesale,0,USD,14,Wholesale,5,KG,6,2021,1.14,
73,Ecuador,1144,Guayas,2582,Guayaquil,345,Apples - Wholesale,0,USD,14,Wholesale,5,KG,7,2021,1.1467,
73,Ecuador,1144,Guayas,2582,Guayaquil,349,Sugar (white) - Wholesale,0,USD,14,Wholesale,5,KG,1,2021,0.7,
73,Ecuador,1144,Guayas,2582,Guayaquil,349,Sugar (white) - Wholesale,0,USD,14,Wholesale,5,KG,2,2021,0.67,
73,Ecuador,1144,Guayas,2582,Guayaquil,349,Sugar (white) - Wholesale,0,USD,14,Wholesale,5,KG,3,2021,0.66,
73,Ecuador,1144,Guayas,2582,Guayaquil,349,Sugar (white) - Wholesale,0,USD,14,Wholesale,5,KG,4,2021,0.66,
73,Ecuador,1144,Guayas,2582,Guayaquil,349,Sugar (white) - Wholesale,0,USD,14,Wholesale,5,KG,5,2021,0.68,
73,Ecuador,1144,Guayas,2582,Guayaquil,349,Sugar (white) - Wholesale,0,USD,14,Wholesale,5,KG,6,2021,0.6867,
73,Ecuador,1144,Guayas,2582,Guayaquil,349,Sugar (white) - Wholesale,0,USD,14,Wholesale,5,KG,7,2021,0.7,
73,Ecuador,1144,Guayas,2582,Guayaquil,370,Beetroots - Wholesale,0,USD,14,Wholesale,5,KG,1,2021,0.22,
73,Ecuador,1144,Guayas,2582,Guayaquil,370,Beetroots - Wholesale,0,USD,14,Wholesale,5,KG,2,2021,0.175,
73,Ecuador,1144,Guayas,2582,Guayaquil,370,Beetroots - Wholesale,0,USD,14,Wholesale,5,KG,3,2021,0.21,
73,Ecuador,1144,Guayas,2582,Guayaquil,370,Beetroots - Wholesale,0,USD,14,Wholesale,5,KG,4,2021,0.3,
73,Ecuador,1144,Guayas,2582,Guayaquil,370,Beetroots - Wholesale,0,USD,14,Wholesale,5,KG,5,2021,0.27,
73,Ecuador,1144,Guayas,2582,Guayaquil,370,Beetroots - Wholesale,0,USD,14,Wholesale,5,KG,6,2021,0.22,
73,Ecuador,1144,Guayas,2582,Guayaquil,370,Beetroots - Wholesale,0,USD,14,Wholesale,5,KG,7,2021,0.2,
73,Ecuador,1144,Guayas,2582,Guayaquil,380,"Rice (short grain, low quality, local) - Wholesale",0,USD,14,Wholesale,5,KG,1,2021,0.61,
73,Ecuador,1144,Guayas,2582,Guayaquil,380,"Rice (short grain, low quality, local) - Wholesale",0,USD,14,Wholesale,5,KG,2,2021,0.58,
73,Ecuador,1144,Guayas,2582,Guayaquil,380,"Rice (short grain, low quality, local) - Wholesale",0,USD,14,Wholesale,5,KG,3,2021,0.5967,
73,Ecuador,1144,Guayas,2582,Guayaquil,380,"Rice (short grain, low quality, local) - Wholesale",0,USD,14,Wholesale,5,KG,4,2021,0.56,
73,Ecuador,1144,Guayas,2582,Guayaquil,380,"Rice (short grain, low quality, local) - Wholesale",0,USD,14,Wholesale,5,KG,5,2021,0.5067,
73,Ecuador,1144,Guayas,2582,Guayaquil,380,"Rice (short grain, low quality, local) - Wholesale",0,USD,14,Wholesale,5,KG,6,2021,0.48,
73,Ecuador,1144,Guayas,2582,Guayaquil,380,"Rice (short grain, low quality, local) - Wholesale",0,USD,14,Wholesale,5,KG,7,2021,0.4867,
73,Ecuador,1144,Guayas,2582,Guayaquil,388,Cucumbers - Wholesale,0,USD,14,Wholesale,5,KG,1,2021,0.315,
73,Ecuador,1144,Guayas,2582,Guayaquil,388,Cucumbers - Wholesale,0,USD,14,Wholesale,5,KG,2,2021,0.385,
73,Ecuador,1144,Guayas,2582,Guayaquil,388,Cucumbers - Wholesale,0,USD,14,Wholesale,5,KG,3,2021,0.4967,
73,Ecuador,1144,Guayas,2582,Guayaquil,388,Cucumbers - Wholesale,0,USD,14,Wholesale,5,KG,4,2021,0.61,
73,Ecuador,1144,Guayas,2582,Guayaquil,388,Cucumbers - Wholesale,0,USD,14,Wholesale,5,KG,5,2021,0.5167,
73,Ecuador,1144,Guayas,2582,Guayaquil,388,Cucumbers - Wholesale,0,USD,14,Wholesale,5,KG,6,2021,0.41,
73,Ecuador,1144,Guayas,2582,Guayaquil,388,Cucumbers - Wholesale,0,USD,14,Wholesale,5,KG,7,2021,0.49,
73,Ecuador,1144,Guayas,2582,Guayaquil,408,Papaya - Wholesale,0,USD,14,Wholesale,5,KG,1,2021,0.465,
73,Ecuador,1144,Guayas,2582,Guayaquil,408,Papaya - Wholesale,0,USD,14,Wholesale,5,KG,2,2021,0.585,
73,Ecuador,1144,Guayas,2582,Guayaquil,408,Papaya - Wholesale,0,USD,14,Wholesale,5,KG,3,2021,0.6033,
73,Ecuador,1144,Guayas,2582,Guayaquil,408,Papaya - Wholesale,0,USD,14,Wholesale,5,KG,4,2021,0.5,
73,Ecuador,1144,Guayas,2582,Guayaquil,408,Papaya - Wholesale,0,USD,14,Wholesale,5,KG,5,2021,0.47,
73,Ecuador,1144,Guayas,2582,Guayaquil,408,Papaya - Wholesale,0,USD,14,Wholesale,5,KG,6,2021,0.5233,
73,Ecuador,1144,Guayas,2582,Guayaquil,408,Papaya - Wholesale,0,USD,14,Wholesale,5,KG,7,2021,0.49,
73,Ecuador,1144,Guayas,2582,Guayaquil,409,Blackberry - Wholesale,0,USD,14,Wholesale,5,KG,1,2021,1.58,
73,Ecuador,1144,Guayas,2582,Guayaquil,409,Blackberry - Wholesale,0,USD,14,Wholesale,5,KG,2,2021,1.69,
73,Ecuador,1144,Guayas,2582,Guayaquil,409,Blackberry - Wholesale,0,USD,14,Wholesale,5,KG,3,2021,2.5,
73,Ecuador,1144,Guayas,2582,Guayaquil,409,Blackberry - Wholesale,0,USD,14,Wholesale,5,KG,4,2021,2.1333,
73,Ecuador,1144,Guayas,2582,Guayaquil,409,Blackberry - Wholesale,0,USD,14,Wholesale,5,KG,5,2021,1.6333,
73,Ecuador,1144,Guayas,2582,Guayaquil,409,Blackberry - Wholesale,0,USD,14,Wholesale,5,KG,6,2021,1.6767,
73,Ecuador,1144,Guayas,2582,Guayaquil,409,Blackberry - Wholesale,0,USD,14,Wholesale,5,KG,7,2021,1.47,
73,Ecuador,1144,Guayas,2582,Guayaquil,410,Broccoli - Wholesale,0,USD,14,Wholesale,5,KG,1,2021,0.44,
73,Ecuador,1144,Guayas,2582,Guayaquil,410,Broccoli - Wholesale,0,USD,14,Wholesale,5,KG,2,2021,0.685,
73,Ecuador,1144,Guayas,2582,Guayaquil,410,Broccoli - Wholesale,0,USD,14,Wholesale,5,KG,3,2021,0.55,
73,Ecuador,1144,Guayas,2582,Guayaquil,410,Broccoli - Wholesale,0,USD,14,Wholesale,5,KG,4,2021,0.55,
73,Ecuador,1144,Guayas,2582,Guayaquil,410,Broccoli - Wholesale,0,USD,14,Wholesale,5,KG,5,2021,0.6967,
73,Ecuador,1144,Guayas,2582,Guayaquil,410,Broccoli - Wholesale,0,USD,14,Wholesale,5,KG,6,2021,0.5867,
73,Ecuador,1144,Guayas,2582,Guayaquil,410,Broccoli - Wholesale,0,USD,14,Wholesale,5,KG,7,2021,0.44,
73,Ecuador,1144,Guayas,2582,Guayaquil,440,"Maize (white, dry) - Wholesale",0,USD,14,Wholesale,5,KG,1,2021,1.32,
73,Ecuador,1144,Guayas,2582,Guayaquil,440,"Maize (white, dry) - Wholesale",0,USD,14,Wholesale,5,KG,2,2021,1.54,
73,Ecuador,1144,Guayas,2582,Guayaquil,440,"Maize (white, dry) - Wholesale",0,USD,14,Wholesale,5,KG,3,2021,1.54,
73,Ecuador,1144,Guayas,2582,Guayaquil,440,"Maize (white, dry) - Wholesale",0,USD,14,Wholesale,5,KG,4,2021,1.54,
73,Ecuador,1144,Guayas,2582,Guayaquil,440,"Maize (white, dry) - Wholesale",0,USD,14,Wholesale,5,KG,5,2021,1.54,
73,Ecuador,1144,Guayas,2582,Guayaquil,440,"Maize (white, dry) - Wholesale",0,USD,14,Wholesale,5,KG,6,2021,1.5767,
73,Ecuador,1144,Guayas,2582,Guayaquil,440,"Maize (white, dry) - Wholesale",0,USD,14,Wholesale,5,KG,7,2021,1.5767,
73,Ecuador,1144,Guayas,2582,Guayaquil,447,Passion fruit - Wholesale,0,USD,14,Wholesale,5,KG,1,2021,0.575,
73,Ecuador,1144,Guayas,2582,Guayaquil,447,Passion fruit - Wholesale,0,USD,14,Wholesale,5,KG,2,2021,0.545,
73,Ecuador,1144,Guayas,2582,Guayaquil,447,Passion fruit - Wholesale,0,USD,14,Wholesale,5,KG,3,2021,0.6133,
73,Ecuador,1144,Guayas,2582,Guayaquil,447,Passion fruit - Wholesale,0,USD,14,Wholesale,5,KG,4,2021,0.6233,
73,Ecuador,1144,Guayas,2582,Guayaquil,447,Passion fruit - Wholesale,0,USD,14,Wholesale,5,KG,5,2021,0.64,
73,Ecuador,1144,Guayas,2582,Guayaquil,447,Passion fruit - Wholesale,0,USD,14,Wholesale,5,KG,6,2021,0.6,
73,Ecuador,1144,Guayas,2582,Guayaquil,447,Passion fruit - Wholesale,0,USD,14,Wholesale,5,KG,7,2021,0.5833,
73,Ecuador,1144,Guayas,2582,Guayaquil,454,Avocados - Wholesale,0,USD,14,Wholesale,5,KG,1,2021,1.8,
73,Ecuador,1144,Guayas,2582,Guayaquil,454,Avocados - Wholesale,0,USD,14,Wholesale,5,KG,2,2021,1.715,
73,Ecuador,1144,Guayas,2582,Guayaquil,454,Avocados - Wholesale,0,USD,14,Wholesale,5,KG,3,2021,1.7833,
73,Ecuador,1144,Guayas,2582,Guayaquil,454,Avocados - Wholesale,0,USD,14,Wholesale,5,KG,4,2021,1.7033,
73,Ecuador,1144,Guayas,2582,Guayaquil,454,Avocados - Wholesale,0,USD,14,Wholesale,5,KG,5,2021,1.69,
73,Ecuador,1144,Guayas,2582,Guayaquil,454,Avocados - Wholesale,0,USD,14,Wholesale,5,KG,6,2021,1.66,
73,Ecuador,1144,Guayas,2582,Guayaquil,454,Avocados - Wholesale,0,USD,14,Wholesale,5,KG,7,2021,1.5967,
73,Ecuador,1144,Guayas,2582,Guayaquil,456,Peas (fresh) - Wholesale,0,USD,14,Wholesale,5,KG,1,2021,0.325,
73,Ecuador,1144,Guayas,2582,Guayaquil,456,Peas (fresh) - Wholesale,0,USD,14,Wholesale,5,KG,2,2021,0.345,
73,Ecuador,1144,Guayas,2582,Guayaquil,456,Peas (fresh) - Wholesale,0,USD,14,Wholesale,5,KG,3,2021,1.1833,
73,Ecuador,1144,Guayas,2582,Guayaquil,456,Peas (fresh) - Wholesale,0,USD,14,Wholesale,5,KG,4,2021,1.3267,
73,Ecuador,1144,Guayas,2582,Guayaquil,456,Peas (fresh) - Wholesale,0,USD,14,Wholesale,5,KG,5,2021,1.21,
73,Ecuador,1144,Guayas,2582,Guayaquil,456,Peas (fresh) - Wholesale,0,USD,14,Wholesale,5,KG,6,2021,1.39,
73,Ecuador,1144,Guayas,2582,Guayaquil,456,Peas (fresh) - Wholesale,0,USD,14,Wholesale,5,KG,7,2021,1.39,
73,Ecuador,1144,Guayas,2582,Guayaquil,504,"Onions (white, dry) - Wholesale",0,USD,14,Wholesale,5,KG,1,2021,0.45,
73,Ecuador,1144,Guayas,2582,Guayaquil,504,"Onions (white, dry) - Wholesale",0,USD,14,Wholesale,5,KG,2,2021,0.45,
73,Ecuador,1144,Guayas,2582,Guayaquil,504,"Onions (white, dry) - Wholesale",0,USD,14,Wholesale,5,KG,3,2021,0.51,
73,Ecuador,1144,Guayas,2582,Guayaquil,504,"Onions (white, dry) - Wholesale",0,USD,14,Wholesale,5,KG,4,2021,0.5433,
73,Ecuador,1144,Guayas,2582,Guayaquil,504,"Onions (white, dry) - Wholesale",0,USD,14,Wholesale,5,KG,5,2021,0.5467,
73,Ecuador,1144,Guayas,2582,Guayaquil,504,"Onions (white, dry) - Wholesale",0,USD,14,Wholesale,5,KG,6,2021,0.4533,
73,Ecuador,1144,Guayas,2582,Guayaquil,504,"Onions (white, dry) - Wholesale",0,USD,14,Wholesale,5,KG,7,2021,0.4167,
73,Ecuador,1144,Guayas,2582,Guayaquil,524,Pineapples - Wholesale,0,USD,14,Wholesale,5,KG,1,2021,0.5,
73,Ecuador,1144,Guayas,2582,Guayaquil,524,Pineapples - Wholesale,0,USD,14,Wholesale,5,KG,2,2021,0.45,
73,Ecuador,1144,Guayas,2582,Guayaquil,524,Pineapples - Wholesale,0,USD,14,Wholesale,5,KG,3,2021,0.4367,
73,Ecuador,1144,Guayas,2582,Guayaquil,524,Pineapples - Wholesale,0,USD,14,Wholesale,5,KG,4,2021,0.4133,
73,Ecuador,1144,Guayas,2582,Guayaquil,524,Pineapples - Wholesale,0,USD,14,Wholesale,5,KG,5,2021,0.46,
73,Ecuador,1144,Guayas,2582,Guayaquil,524,Pineapples - Wholesale,0,USD,14,Wholesale,5,KG,6,2021,0.45,
73,Ecuador,1144,Guayas,2582,Guayaquil,524,Pineapples - Wholesale,0,USD,14,Wholesale,5,KG,7,2021,0.4,
73,Ecuador,1144,Guayas,2582,Guayaquil,713,Peppers (fresh) - Wholesale,0,USD,14,Wholesale,5,KG,1,2021,0.6,
73,Ecuador,1144,Guayas,2582,Guayaquil,713,Peppers (fresh) - Wholesale,0,USD,14,Wholesale,5,KG,2,2021,0.685,
73,Ecuador,1144,Guayas,2582,Guayaquil,713,Peppers (fresh) - Wholesale,0,USD,14,Wholesale,5,KG,3,2021,0.7567,
73,Ecuador,1144,Guayas,2582,Guayaquil,713,Peppers (fresh) - Wholesale,0,USD,14,Wholesale,5,KG,4,2021,0.9133,
73,Ecuador,1144,Guayas,2582,Guayaquil,713,Peppers (fresh) - Wholesale,0,USD,14,Wholesale,5,KG,5,2021,0.7767,
73,Ecuador,1144,Guayas,2582,Guayaquil,713,Peppers (fresh) - Wholesale,0,USD,14,Wholesale,5,KG,6,2021,0.75,
73,Ecuador,1144,Guayas,2582,Guayaquil,713,Peppers (fresh) - Wholesale,0,USD,14,Wholesale,5,KG,7,2021,0.6467,
73,Ecuador,1144,Guayas,2582,Guayaquil,716,Watermelons - Wholesale,0,USD,14,Wholesale,5,KG,1,2021,0.28,
73,Ecuador,1144,Guayas,2582,Guayaquil,716,Watermelons - Wholesale,0,USD,14,Wholesale,5,KG,2,2021,0.335,
73,Ecuador,1144,Guayas,2582,Guayaquil,716,Watermelons - Wholesale,0,USD,14,Wholesale,5,KG,3,2021,0.3433,
73,Ecuador,1144,Guayas,2582,Guayaquil,716,Watermelons - Wholesale,0,USD,14,Wholesale,5,KG,4,2021,0.3267,
73,Ecuador,1144,Guayas,2582,Guayaquil,716,Watermelons - Wholesale,0,USD,14,Wholesale,5,KG,5,2021,0.3067,
73,Ecuador,1144,Guayas,2582,Guayaquil,716,Watermelons - Wholesale,0,USD,14,Wholesale,5,KG,6,2021,0.31,
73,Ecuador,1144,Guayas,2582,Guayaquil,716,Watermelons - Wholesale,0,USD,14,Wholesale,5,KG,7,2021,0.3133,
73,Ecuador,1144,Guayas,2582,Guayaquil,723,Oat flakes - Wholesale,0,USD,14,Wholesale,5,KG,1,2021,0.88,
73,Ecuador,1144,Guayas,2582,Guayaquil,723,Oat flakes - Wholesale,0,USD,14,Wholesale,5,KG,2,2021,0.88,
73,Ecuador,1144,Guayas,2582,Guayaquil,723,Oat flakes - Wholesale,0,USD,14,Wholesale,5,KG,3,2021,0.88,
73,Ecuador,1144,Guayas,2582,Guayaquil,723,Oat flakes - Wholesale,0,USD,14,Wholesale,5,KG,4,2021,0.88,
73,Ecuador,1144,Guayas,2582,Guayaquil,723,Oat flakes - Wholesale,0,USD,14,Wholesale,5,KG,5,2021,0.9067,
73,Ecuador,1144,Guayas,2582,Guayaquil,723,Oat flakes - Wholesale,0,USD,14,Wholesale,5,KG,6,2021,0.96,
73,Ecuador,1144,Guayas,2582,Guayaquil,723,Oat flakes - Wholesale,0,USD,14,Wholesale,5,KG,7,2021,0.96,
73,Ecuador,1144,Guayas,2582,Guayaquil,724,Beans (pod) - Wholesale,0,USD,14,Wholesale,5,KG,1,2021,0.7625,
73,Ecuador,1144,Guayas,2582,Guayaquil,724,Beans (pod) - Wholesale,0,USD,14,Wholesale,5,KG,2,2021,0.7225,
73,Ecuador,1144,Guayas,2582,Guayaquil,724,Beans (pod) - Wholesale,0,USD,14,Wholesale,5,KG,3,2021,0.6867,
73,Ecuador,1144,Guayas,2582,Guayaquil,724,Beans (pod) - Wholesale,0,USD,14,Wholesale,5,KG,4,2021,0.695,
73,Ecuador,1144,Guayas,2582,Guayaquil,724,Beans (pod) - Wholesale,0,USD,14,Wholesale,5,KG,5,2021,0.5783,
73,Ecuador,1144,Guayas,2582,Guayaquil,724,Beans (pod) - Wholesale,0,USD,14,Wholesale,5,KG,6,2021,0.6117,
73,Ecuador,1144,Guayas,2582,Guayaquil,724,Beans (pod) - Wholesale,0,USD,14,Wholesale,5,KG,7,2021,0.615,
73,Ecuador,1144,Guayas,2582,Guayaquil,725,"Onions (red, dry) - Wholesale",0,USD,14,Wholesale,5,KG,1,2021,0.29,
73,Ecuador,1144,Guayas,2582,Guayaquil,725,"Onions (red, dry) - Wholesale",0,USD,14,Wholesale,5,KG,2,2021,0.375,
73,Ecuador,1144,Guayas,2582,Guayaquil,725,"Onions (red, dry) - Wholesale",0,USD,14,Wholesale,5,KG,3,2021,0.4,
73,Ecuador,1144,Guayas,2582,Guayaquil,725,"Onions (red, dry) - Wholesale",0,USD,14,Wholesale,5,KG,4,2021,0.3767,
73,Ecuador,1144,Guayas,2582,Guayaquil,725,"Onions (red, dry) - Wholesale",0,USD,14,Wholesale,5,KG,5,2021,0.3433,
73,Ecuador,1144,Guayas,2582,Guayaquil,725,"Onions (red, dry) - Wholesale",0,USD,14,Wholesale,5,KG,6,2021,0.31,
73,Ecuador,1144,Guayas,2582,Guayaquil,725,"Onions (red, dry) - Wholesale",0,USD,14,Wholesale,5,KG,7,2021,0.28,
73,Ecuador,1144,Guayas,2582,Guayaquil,726,Potatoes (super chola) - Wholesale,0,USD,14,Wholesale,5,KG,1,2021,0.34,
73,Ecuador,1144,Guayas,2582,Guayaquil,726,Potatoes (super chola) - Wholesale,0,USD,14,Wholesale,5,KG,2,2021,0.46,
73,Ecuador,1144,Guayas,2582,Guayaquil,726,Potatoes (super chola) - Wholesale,0,USD,14,Wholesale,5,KG,3,2021,0.4867,
73,Ecuador,1144,Guayas,2582,Guayaquil,726,Potatoes (super chola) - Wholesale,0,USD,14,Wholesale,5,KG,4,2021,0.45,
73,Ecuador,1144,Guayas,2582,Guayaquil,726,Potatoes (super chola) - Wholesale,0,USD,14,Wholesale,5,KG,5,2021,0.4267,
73,Ecuador,1144,Guayas,2582,Guayaquil,726,Potatoes (super chola) - Wholesale,0,USD,14,Wholesale,5,KG,6,2021,0.4533,
73,Ecuador,1144,Guayas,2582,Guayaquil,726,Potatoes (super chola) - Wholesale,0,USD,14,Wholesale,5,KG,7,2021,0.48,
73,Ecuador,1144,Guayas,2582,Guayaquil,727,Strawberries - Wholesale,0,USD,14,Wholesale,5,KG,1,2021,1.865,
73,Ecuador,1144,Guayas,2582,Guayaquil,727,Strawberries - Wholesale,0,USD,14,Wholesale,5,KG,2,2021,1.915,
73,Ecuador,1144,Guayas,2582,Guayaquil,727,Strawberries - Wholesale,0,USD,14,Wholesale,5,KG,3,2021,2.0633,
73,Ecuador,1144,Guayas,2582,Guayaquil,727,Strawberries - Wholesale,0,USD,14,Wholesale,5,KG,4,2021,1.9667,
73,Ecuador,1144,Guayas,2582,Guayaquil,727,Strawberries - Wholesale,0,USD,14,Wholesale,5,KG,5,2021,1.9767,
73,Ecuador,1144,Guayas,2582,Guayaquil,727,Strawberries - Wholesale,0,USD,14,Wholesale,5,KG,6,2021,2.1,
73,Ecuador,1144,Guayas,2582,Guayaquil,727,Strawberries - Wholesale,0,USD,14,Wholesale,5,KG,7,2021,1.93,
73,Ecuador,1144,Guayas,2582,Guayaquil,728,Melons (cantaloupe) - Wholesale,0,USD,14,Wholesale,5,KG,1,2021,0.62,
73,Ecuador,1144,Guayas,2582,Guayaquil,728,Melons (cantaloupe) - Wholesale,0,USD,14,Wholesale,5,KG,2,2021,0.675,
73,Ecuador,1144,Guayas,2582,Guayaquil,728,Melons (cantaloupe) - Wholesale,0,USD,14,Wholesale,5,KG,3,2021,0.74,
73,Ecuador,1144,Guayas,2582,Guayaquil,728,Melons (cantaloupe) - Wholesale,0,USD,14,Wholesale,5,KG,4,2021,0.6633,
73,Ecuador,1144,Guayas,2582,Guayaquil,728,Melons (cantaloupe) - Wholesale,0,USD,14,Wholesale,5,KG,5,2021,0.6167,
73,Ecuador,1144,Guayas,2582,Guayaquil,728,Melons (cantaloupe) - Wholesale,0,USD,14,Wholesale,5,KG,6,2021,0.73,
73,Ecuador,1144,Guayas,2582,Guayaquil,728,Melons (cantaloupe) - Wholesale,0,USD,14,Wholesale,5,KG,7,2021,0.7867,
73,Ecuador,1144,Guayas,2582,Guayaquil,729,Naranjilla (hybrid) - Wholesale,0,USD,14,Wholesale,5,KG,1,2021,0.88,
73,Ecuador,1144,Guayas,2582,Guayaquil,729,Naranjilla (hybrid) - Wholesale,0,USD,14,Wholesale,5,KG,2,2021,0.805,
73,Ecuador,1144,Guayas,2582,Guayaquil,729,Naranjilla (hybrid) - Wholesale,0,USD,14,Wholesale,5,KG,3,2021,0.9133,
73,Ecuador,1144,Guayas,2582,Guayaquil,729,Naranjilla (hybrid) - Wholesale,0,USD,14,Wholesale,5,KG,4,2021,0.91,
73,Ecuador,1144,Guayas,2582,Guayaquil,729,Naranjilla (hybrid) - Wholesale,0,USD,14,Wholesale,5,KG,5,2021,0.9267,
73,Ecuador,1144,Guayas,2582,Guayaquil,729,Naranjilla (hybrid) - Wholesale,0,USD,14,Wholesale,5,KG,6,2021,0.88,
73,Ecuador,1144,Guayas,2582,Guayaquil,729,Naranjilla (hybrid) - Wholesale,0,USD,14,Wholesale,5,KG,7,2021,0.8767,
73,Ecuador,1144,Guayas,2582,Guayaquil,730,"Plantains (barraganete, mature) - Wholesale",0,USD,14,Wholesale,5,KG,1,2021,0.265,
73,Ecuador,1144,Guayas,2582,Guayaquil,730,"Plantains (barraganete, mature) - Wholesale",0,USD,14,Wholesale,5,KG,2,2021,0.22,
73,Ecuador,1144,Guayas,2582,Guayaquil,730,"Plantains (barraganete, mature) - Wholesale",0,USD,14,Wholesale,5,KG,3,2021,0.21,
73,Ecuador,1144,Guayas,2582,Guayaquil,730,"Plantains (barraganete, mature) - Wholesale",0,USD,14,Wholesale,5,KG,4,2021,0.2033,
73,Ecuador,1144,Guayas,2582,Guayaquil,730,"Plantains (barraganete, mature) - Wholesale",0,USD,14,Wholesale,5,KG,5,2021,0.3133,
73,Ecuador,1144,Guayas,2582,Guayaquil,730,"Plantains (barraganete, mature) - Wholesale",0,USD,14,Wholesale,5,KG,6,2021,0.38,
73,Ecuador,1144,Guayas,2582,Guayaquil,730,"Plantains (barraganete, mature) - Wholesale",0,USD,14,Wholesale,5,KG,7,2021,0.42,
73,Ecuador,1144,Guayas,2582,Guayaquil,731,"Plantains (barraganete, green) - Wholesale",0,USD,14,Wholesale,5,KG,1,2021,0.265,
73,Ecuador,1144,Guayas,2582,Guayaquil,731,"Plantains (barraganete, green) - Wholesale",0,USD,14,Wholesale,5,KG,2,2021,0.22,
73,Ecuador,1144,Guayas,2582,Guayaquil,731,"Plantains (barraganete, green) - Wholesale",0,USD,14,Wholesale,5,KG,3,2021,0.21,
73,Ecuador,1144,Guayas,2582,Guayaquil,731,"Plantains (barraganete, green) - Wholesale",0,USD,14,Wholesale,5,KG,4,2021,0.2033,
73,Ecuador,1144,Guayas,2582,Guayaquil,731,"Plantains (barraganete, green) - Wholesale",0,USD,14,Wholesale,5,KG,5,2021,0.3133,
73,Ecuador,1144,Guayas,2582,Guayaquil,731,"Plantains (barraganete, green) - Wholesale",0,USD,14,Wholesale,5,KG,6,2021,0.38,
73,Ecuador,1144,Guayas,2582,Guayaquil,731,"Plantains (barraganete, green) - Wholesale",0,USD,14,Wholesale,5,KG,7,2021,0.42,
73,Ecuador,1144,Guayas,2582,Guayaquil,732,"Plantains (dominico, mature) - Wholesale",0,USD,14,Wholesale,5,KG,1,2021,0.22,
73,Ecuador,1144,Guayas,2582,Guayaquil,732,"Plantains (dominico, mature) - Wholesale",0,USD,14,Wholesale,5,KG,2,2021,0.19,
73,Ecuador,1144,Guayas,2582,Guayaquil,732,"Plantains (dominico, mature) - Wholesale",0,USD,14,Wholesale,5,KG,3,2021,0.2,
73,Ecuador,1144,Guayas,2582,Guayaquil,732,"Plantains (dominico, mature) - Wholesale",0,USD,14,Wholesale,5,KG,4,2021,0.2033,
73,Ecuador,1144,Guayas,2582,Guayaquil,732,"Plantains (dominico, mature) - Wholesale",0,USD,14,Wholesale,5,KG,5,2021,0.2767,
73,Ecuador,1144,Guayas,2582,Guayaquil,732,"Plantains (dominico, mature) - Wholesale",0,USD,14,Wholesale,5,KG,6,2021,0.2767,
73,Ecuador,1144,Guayas,2582,Guayaquil,732,"Plantains (dominico, mature) - Wholesale",0,USD,14,Wholesale,5,KG,7,2021,0.2567,
73,Ecuador,1144,Guayas,2582,Guayaquil,733,"Plantains (dominico, green) - Wholesale",0,USD,14,Wholesale,5,KG,1,2021,0.22,
73,Ecuador,1144,Guayas,2582,Guayaquil,733,"Plantains (dominico, green) - Wholesale",0,USD,14,Wholesale,5,KG,2,2021,0.19,
73,Ecuador,1144,Guayas,2582,Guayaquil,733,"Plantains (dominico, green) - Wholesale",0,USD,14,Wholesale,5,KG,3,2021,0.2,
73,Ecuador,1144,Guayas,2582,Guayaquil,733,"Plantains (dominico, green) - Wholesale",0,USD,14,Wholesale,5,KG,4,2021,0.2033,
73,Ecuador,1144,Guayas,2582,Guayaquil,733,"Plantains (dominico, green) - Wholesale",0,USD,14,Wholesale,5,KG,5,2021,0.2767,
73,Ecuador,1144,Guayas,2582,Guayaquil,733,"Plantains (dominico, green) - Wholesale",0,USD,14,Wholesale,5,KG,6,2021,0.2767,
73,Ecuador,1144,Guayas,2582,Guayaquil,733,"Plantains (dominico, green) - Wholesale",0,USD,14,Wholesale,5,KG,7,2021,0.2567,
73,Ecuador,1144,Guayas,2582,Guayaquil,734,Tree tomatoes - Wholesale,0,USD,14,Wholesale,5,KG,1,2021,0.82,
73,Ecuador,1144,Guayas,2582,Guayaquil,734,Tree tomatoes - Wholesale,0,USD,14,Wholesale,5,KG,2,2021,1.045,
73,Ecuador,1144,Guayas,2582,Guayaquil,734,Tree tomatoes - Wholesale,0,USD,14,Wholesale,5,KG,3,2021,0.98,
73,Ecuador,1144,Guayas,2582,Guayaquil,734,Tree tomatoes - Wholesale,0,USD,14,Wholesale,5,KG,4,2021,0.92,
73,Ecuador,1144,Guayas,2582,Guayaquil,734,Tree tomatoes - Wholesale,0,USD,14,Wholesale,5,KG,5,2021,0.8067,
73,Ecuador,1144,Guayas,2582,Guayaquil,734,Tree tomatoes - Wholesale,0,USD,14,Wholesale,5,KG,6,2021,0.8,
73,Ecuador,1144,Guayas,2582,Guayaquil,734,Tree tomatoes - Wholesale,0,USD,14,Wholesale,5,KG,7,2021,0.8667,
73,Ecuador,1144,Guayas,2582,Guayaquil,735,Grapes (black) - Wholesale,0,USD,14,Wholesale,5,KG,1,2021,2.31,
73,Ecuador,1144,Guayas,2582,Guayaquil,735,Grapes (black) - Wholesale,0,USD,14,Wholesale,5,KG,2,2021,2.42,
73,Ecuador,1144,Guayas,2582,Guayaquil,735,Grapes (black) - Wholesale,0,USD,14,Wholesale,5,KG,3,2021,2.64,
73,Ecuador,1144,Guayas,2582,Guayaquil,735,Grapes (black) - Wholesale,0,USD,14,Wholesale,5,KG,4,2021,2.81,
73,Ecuador,1144,Guayas,2582,Guayaquil,735,Grapes (black) - Wholesale,0,USD,14,Wholesale,5,KG,5,2021,2.4933,
73,Ecuador,1144,Guayas,2582,Guayaquil,735,Grapes (black) - Wholesale,0,USD,14,Wholesale,5,KG,6,2021,2.2733,
73,Ecuador,1144,Guayas,2582,Guayaquil,736,Grapes (pink) - Wholesale,0,USD,14,Wholesale,5,KG,5,2021,2.34,
73,Ecuador,1144,Guayas,2582,Guayaquil,736,Grapes (pink) - Wholesale,0,USD,14,Wholesale,5,KG,6,2021,2.2933,
73,Ecuador,1153,Pichincha,2598,Quito,56,Maize (local) - Wholesale,0,USD,14,Wholesale,5,KG,5,2021,0.48,
73,Ecuador,1153,Pichincha,2598,Quito,56,Maize (local) - Wholesale,0,USD,14,Wholesale,5,KG,6,2021,0.34,
73,Ecuador,1153,Pichincha,2598,Quito,56,Maize (local) - Wholesale,0,USD,14,Wholesale,5,KG,7,2021,0.2333,
73,Ecuador,1153,Pichincha,2598,Quito,66,Beans (white) - Wholesale,0,USD,14,Wholesale,5,KG,1,2021,1.57,
73,Ecuador,1153,Pichincha,2598,Quito,66,Beans (white) - Wholesale,0,USD,14,Wholesale,5,KG,2,2021,1.57,
73,Ecuador,1153,Pichincha,2598,Quito,66,Beans (white) - Wholesale,0,USD,14,Wholesale,5,KG,3,2021,1.57,
73,Ecuador,1153,Pichincha,2598,Quito,66,Beans (white) - Wholesale,0,USD,14,Wholesale,5,KG,4,2021,1.57,
73,Ecuador,1153,Pichincha,2598,Quito,66,Beans (white) - Wholesale,0,USD,14,Wholesale,5,KG,5,2021,1.57,
73,Ecuador,1153,Pichincha,2598,Quito,66,Beans (white) - Wholesale,0,USD,14,Wholesale,5,KG,6,2021,1.57,
73,Ecuador,1153,Pichincha,2598,Quito,66,Beans (white) - Wholesale,0,USD,14,Wholesale,5,KG,7,2021,1.57,
73,Ecuador,1153,Pichincha,2598,Quito,68,Cassava - Wholesale,0,USD,14,Wholesale,5,KG,1,2021,0.305,
73,Ecuador,1153,Pichincha,2598,Quito,68,Cassava - Wholesale,0,USD,14,Wholesale,5,KG,2,2021,0.235,
73,Ecuador,1153,Pichincha,2598,Quito,68,Cassava - Wholesale,0,USD,14,Wholesale,5,KG,3,2021,0.2367,
73,Ecuador,1153,Pichincha,2598,Quito,68,Cassava - Wholesale,0,USD,14,Wholesale,5,KG,4,2021,0.2667,
73,Ecuador,1153,Pichincha,2598,Quito,68,Cassava - Wholesale,0,USD,14,Wholesale,5,KG,5,2021,0.2467,
73,Ecuador,1153,Pichincha,2598,Quito,68,Cassava - Wholesale,0,USD,14,Wholesale,5,KG,6,2021,0.2533,
73,Ecuador,1153,Pichincha,2598,Quito,68,Cassava - Wholesale,0,USD,14,Wholesale,5,KG,7,2021,0.2933,
73,Ecuador,1153,Pichincha,2598,Quito,82,Oil (cooking) - Wholesale,0,USD,14,Wholesale,5,KG,3,2021,1.6067,
73,Ecuador,1153,Pichincha,2598,Quito,82,Oil (cooking) - Wholesale,0,USD,14,Wholesale,5,KG,4,2021,1.78,
73,Ecuador,1153,Pichincha,2598,Quito,82,Oil (cooking) - Wholesale,0,USD,14,Wholesale,5,KG,5,2021,2.0467,
73,Ecuador,1153,Pichincha,2598,Quito,82,Oil (cooking) - Wholesale,0,USD,14,Wholesale,5,KG,6,2021,2.14,
73,Ecuador,1153,Pichincha,2598,Quito,82,Oil (cooking) - Wholesale,0,USD,14,Wholesale,5,KG,7,2021,2.18,
73,Ecuador,1153,Pichincha,2598,Quito,105,Garlic - Wholesale,0,USD,14,Wholesale,5,KG,1,2021,1.63,
73,Ecuador,1153,Pichincha,2598,Quito,105,Garlic - Wholesale,0,USD,14,Wholesale,5,KG,2,2021,1.8,
73,Ecuador,1153,Pichincha,2598,Quito,105,Garlic - Wholesale,0,USD,14,Wholesale,5,KG,3,2021,1.7967,
73,Ecuador,1153,Pichincha,2598,Quito,105,Garlic - Wholesale,0,USD,14,Wholesale,5,KG,4,2021,1.7967,
73,Ecuador,1153,Pichincha,2598,Quito,105,Garlic - Wholesale,0,USD,14,Wholesale,5,KG,5,2021,1.7533,
73,Ecuador,1153,Pichincha,2598,Quito,105,Garlic - Wholesale,0,USD,14,Wholesale,5,KG,6,2021,1.7267,
73,Ecuador,1153,Pichincha,2598,Quito,105,Garlic - Wholesale,0,USD,14,Wholesale,5,KG,7,2021,2.0633,
73,Ecuador,1153,Pichincha,2598,Quito,108,Lentils - Wholesale,0,USD,14,Wholesale,5,KG,1,2021,1.02,
73,Ecuador,1153,Pichincha,2598,Quito,108,Lentils - Wholesale,0,USD,14,Wholesale,5,KG,2,2021,1.045,
73,Ecuador,1153,Pichincha,2598,Quito,108,Lentils - Wholesale,0,USD,14,Wholesale,5,KG,3,2021,1.09,
73,Ecuador,1153,Pichincha,2598,Quito,108,Lentils - Wholesale,0,USD,14,Wholesale,5,KG,4,2021,1.1133,
73,Ecuador,1153,Pichincha,2598,Quito,108,Lentils - Wholesale,0,USD,14,Wholesale,5,KG,5,2021,1.15,
73,Ecuador,1153,Pichincha,2598,Quito,108,Lentils - Wholesale,0,USD,14,Wholesale,5,KG,6,2021,1.1567,
73,Ecuador,1153,Pichincha,2598,Quito,108,Lentils - Wholesale,0,USD,14,Wholesale,5,KG,7,2021,1.27,
73,Ecuador,1153,Pichincha,2598,Quito,110,Onions (red) - Wholesale,0,USD,14,Wholesale,5,KG,1,2021,0.195,
73,Ecuador,1153,Pichincha,2598,Quito,110,Onions (red) - Wholesale,0,USD,14,Wholesale,5,KG,2,2021,0.335,
73,Ecuador,1153,Pichincha,2598,Quito,110,Onions (red) - Wholesale,0,USD,14,Wholesale,5,KG,3,2021,0.3433,
73,Ecuador,1153,Pichincha,2598,Quito,110,Onions (red) - Wholesale,0,USD,14,Wholesale,5,KG,4,2021,0.34,
73,Ecuador,1153,Pichincha,2598,Quito,110,Onions (red) - Wholesale,0,USD,14,Wholesale,5,KG,5,2021,0.2267,
73,Ecuador,1153,Pichincha,2598,Quito,110,Onions (red) - Wholesale,0,USD,14,Wholesale,5,KG,6,2021,0.1867,
73,Ecuador,1153,Pichincha,2598,Quito,110,Onions (red) - Wholesale,0,USD,14,Wholesale,5,KG,7,2021,0.1933,
73,Ecuador,1153,Pichincha,2598,Quito,111,Onions (white) - Wholesale,0,USD,14,Wholesale,5,KG,1,2021,0.71,
73,Ecuador,1153,Pichincha,2598,Quito,111,Onions (white) - Wholesale,0,USD,14,Wholesale,5,KG,2,2021,0.58,
73,Ecuador,1153,Pichincha,2598,Quito,111,Onions (white) - Wholesale,0,USD,14,Wholesale,5,KG,3,2021,0.6033,
73,Ecuador,1153,Pichincha,2598,Quito,111,Onions (white) - Wholesale,0,USD,14,Wholesale,5,KG,4,2021,0.5967,
73,Ecuador,1153,Pichincha,2598,Quito,111,Onions (white) - Wholesale,0,USD,14,Wholesale,5,KG,5,2021,0.5633,
73,Ecuador,1153,Pichincha,2598,Quito,111,Onions (white) - Wholesale,0,USD,14,Wholesale,5,KG,6,2021,0.5067,
73,Ecuador,1153,Pichincha,2598,Quito,111,Onions (white) - Wholesale,0,USD,14,Wholesale,5,KG,7,2021,0.4733,
73,Ecuador,1153,Pichincha,2598,Quito,126,Noodles (short) - Wholesale,0,USD,14,Wholesale,5,KG,1,2021,0.9,
73,Ecuador,1153,Pichincha,2598,Quito,126,Noodles (short) - Wholesale,0,USD,14,Wholesale,5,KG,2,2021,0.9,
73,Ecuador,1153,Pichincha,2598,Quito,126,Noodles (short) - Wholesale,0,USD,14,Wholesale,5,KG,3,2021,0.9,
73,Ecuador,1153,Pichincha,2598,Quito,126,Noodles (short) - Wholesale,0,USD,14,Wholesale,5,KG,4,2021,0.9,
73,Ecuador,1153,Pichincha,2598,Quito,126,Noodles (short) - Wholesale,0,USD,14,Wholesale,5,KG,5,2021,0.9,
73,Ecuador,1153,Pichincha,2598,Quito,126,Noodles (short) - Wholesale,0,USD,14,Wholesale,5,KG,6,2021,0.9,
73,Ecuador,1153,Pichincha,2598,Quito,126,Noodles (short) - Wholesale,0,USD,14,Wholesale,5,KG,7,2021,0.9,
73,Ecuador,1153,Pichincha,2598,Quito,133,Rice (white) - Wholesale,0,USD,14,Wholesale,5,KG,1,2021,0.89,
73,Ecuador,1153,Pichincha,2598,Quito,133,Rice (white) - Wholesale,0,USD,14,Wholesale,5,KG,2,2021,0.885,
73,Ecuador,1153,Pichincha,2598,Quito,133,Rice (white) - Wholesale,0,USD,14,Wholesale,5,KG,3,2021,0.88,
73,Ecuador,1153,Pichincha,2598,Quito,133,Rice (white) - Wholesale,0,USD,14,Wholesale,5,KG,4,2021,0.88,
73,Ecuador,1153,Pichincha,2598,Quito,133,Rice (white) - Wholesale,0,USD,14,Wholesale,5,KG,5,2021,0.88,
73,Ecuador,1153,Pichincha,2598,Quito,133,Rice (white) - Wholesale,0,USD,14,Wholesale,5,KG,6,2021,0.88,
73,Ecuador,1153,Pichincha,2598,Quito,133,Rice (white) - Wholesale,0,USD,14,Wholesale,5,KG,7,2021,0.88,
73,Ecuador,1153,Pichincha,2598,Quito,136,Maize (yellow) - Wholesale,0,USD,14,Wholesale,5,KG,1,2021,1.67,
73,Ecuador,1153,Pichincha,2598,Quito,136,Maize (yellow) - Wholesale,0,USD,14,Wholesale,5,KG,2,2021,1.69,
73,Ecuador,1153,Pichincha,2598,Quito,136,Maize (yellow) - Wholesale,0,USD,14,Wholesale,5,KG,3,2021,1.71,
73,Ecuador,1153,Pichincha,2598,Quito,136,Maize (yellow) - Wholesale,0,USD,14,Wholesale,5,KG,4,2021,1.71,
73,Ecuador,1153,Pichincha,2598,Quito,136,Maize (yellow) - Wholesale,0,USD,14,Wholesale,5,KG,5,2021,1.73,
73,Ecuador,1153,Pichincha,2598,Quito,136,Maize (yellow) - Wholesale,0,USD,14,Wholesale,5,KG,6,2021,1.71,
73,Ecuador,1153,Pichincha,2598,Quito,136,Maize (yellow) - Wholesale,0,USD,14,Wholesale,5,KG,7,2021,1.7,
73,Ecuador,1153,Pichincha,2598,Quito,162,Rice (long grain) - Wholesale,0,USD,14,Wholesale,5,KG,1,2021,1.02,
73,Ecuador,1153,Pichincha,2598,Quito,162,Rice (long grain) - Wholesale,0,USD,14,Wholesale,5,KG,2,2021,1.02,
73,Ecuador,1153,Pichincha,2598,Quito,162,Rice (long grain) - Wholesale,0,USD,14,Wholesale,5,KG,3,2021,1.02,
73,Ecuador,1153,Pichincha,2598,Quito,162,Rice (long grain) - Wholesale,0,USD,14,Wholesale,5,KG,4,2021,1.02,
73,Ecuador,1153,Pichincha,2598,Quito,162,Rice (long grain) - Wholesale,0,USD,14,Wholesale,5,KG,5,2021,1.02,
73,Ecuador,1153,Pichincha,2598,Quito,162,Rice (long grain) - Wholesale,0,USD,14,Wholesale,5,KG,6,2021,1.0133,
73,Ecuador,1153,Pichincha,2598,Quito,162,Rice (long grain) - Wholesale,0,USD,14,Wholesale,5,KG,7,2021,1.01,
73,Ecuador,1153,Pichincha,2598,Quito,166,Carrots - Wholesale,0,USD,14,Wholesale,5,KG,1,2021,0.17,
73,Ecuador,1153,Pichincha,2598,Quito,166,Carrots - Wholesale,0,USD,14,Wholesale,5,KG,2,2021,0.175,
73,Ecuador,1153,Pichincha,2598,Quito,166,Carrots - Wholesale,0,USD,14,Wholesale,5,KG,3,2021,0.22,
73,Ecuador,1153,Pichincha,2598,Quito,166,Carrots - Wholesale,0,USD,14,Wholesale,5,KG,4,2021,0.25,
73,Ecuador,1153,Pichincha,2598,Quito,166,Carrots - Wholesale,0,USD,14,Wholesale,5,KG,5,2021,0.2433,
73,Ecuador,1153,Pichincha,2598,Quito,166,Carrots - Wholesale,0,USD,14,Wholesale,5,KG,6,2021,0.2233,
73,Ecuador,1153,Pichincha,2598,Quito,166,Carrots - Wholesale,0,USD,14,Wholesale,5,KG,7,2021,0.24,
73,Ecuador,1153,Pichincha,2598,Quito,174,Peanut - Wholesale,0,USD,14,Wholesale,5,KG,1,2021,2.05,
73,Ecuador,1153,Pichincha,2598,Quito,174,Peanut - Wholesale,0,USD,14,Wholesale,5,KG,2,2021,2.05,
73,Ecuador,1153,Pichincha,2598,Quito,174,Peanut - Wholesale,0,USD,14,Wholesale,5,KG,3,2021,2.0767,
73,Ecuador,1153,Pichincha,2598,Quito,174,Peanut - Wholesale,0,USD,14,Wholesale,5,KG,4,2021,2.09,
73,Ecuador,1153,Pichincha,2598,Quito,174,Peanut - Wholesale,0,USD,14,Wholesale,5,KG,5,2021,2.09,
73,Ecuador,1153,Pichincha,2598,Quito,174,Peanut - Wholesale,0,USD,14,Wholesale,5,KG,6,2021,2.0633,
73,Ecuador,1153,Pichincha,2598,Quito,174,Peanut - Wholesale,0,USD,14,Wholesale,5,KG,7,2021,2.0233,
73,Ecuador,1153,Pichincha,2598,Quito,181,Cabbage - Wholesale,0,USD,14,Wholesale,5,KG,1,2021,0.135,
73,Ecuador,1153,Pichincha,2598,Quito,181,Cabbage - Wholesale,0,USD,14,Wholesale,5,KG,2,2021,0.145,
73,Ecuador,1153,Pichincha,2598,Quito,181,Cabbage - Wholesale,0,USD,14,Wholesale,5,KG,3,2021,0.21,
73,Ecuador,1153,Pichincha,2598,Quito,181,Cabbage - Wholesale,0,USD,14,Wholesale,5,KG,4,2021,0.2533,
73,Ecuador,1153,Pichincha,2598,Quito,181,Cabbage - Wholesale,0,USD,14,Wholesale,5,KG,5,2021,0.2633,
73,Ecuador,1153,Pichincha,2598,Quito,181,Cabbage - Wholesale,0,USD,14,Wholesale,5,KG,6,2021,0.24,
73,Ecuador,1153,Pichincha,2598,Quito,181,Cabbage - Wholesale,0,USD,14,Wholesale,5,KG,7,2021,0.2267,
73,Ecuador,1153,Pichincha,2598,Quito,184,Oil (sunflower) - Wholesale,0,USD,14,Wholesale,5,KG,3,2021,2.9633,
73,Ecuador,1153,Pichincha,2598,Quito,184,Oil (sunflower) - Wholesale,0,USD,14,Wholesale,5,KG,4,2021,3.1767,
73,Ecuador,1153,Pichincha,2598,Quito,184,Oil (sunflower) - Wholesale,0,USD,14,Wholesale,5,KG,5,2021,3.22,
73,Ecuador,1153,Pichincha,2598,Quito,184,Oil (sunflower) - Wholesale,0,USD,14,Wholesale,5,KG,6,2021,3.22,
73,Ecuador,1153,Pichincha,2598,Quito,184,Oil (sunflower) - Wholesale,0,USD,14,Wholesale,5,KG,7,2021,3.2867,
73,Ecuador,1153,Pichincha,2598,Quito,212,"Peas (green, dry) - Wholesale",0,USD,14,Wholesale,5,KG,1,2021,0.75,
73,Ecuador,1153,Pichincha,2598,Quito,212,"Peas (green, dry) - Wholesale",0,USD,14,Wholesale,5,KG,2,2021,0.75,
73,Ecuador,1153,Pichincha,2598,Quito,212,"Peas (green, dry) - Wholesale",0,USD,14,Wholesale,5,KG,3,2021,0.75,
73,Ecuador,1153,Pichincha,2598,Quito,212,"Peas (green, dry) - Wholesale",0,USD,14,Wholesale,5,KG,4,2021,0.75,
73,Ecuador,1153,Pichincha,2598,Quito,212,"Peas (green, dry) - Wholesale",0,USD,14,Wholesale,5,KG,5,2021,0.76,
73,Ecuador,1153,Pichincha,2598,Quito,212,"Peas (green, dry) - Wholesale",0,USD,14,Wholesale,5,KG,6,2021,0.7633,
73,Ecuador,1153,Pichincha,2598,Quito,212,"Peas (green, dry) - Wholesale",0,USD,14,Wholesale,5,KG,7,2021,0.7833,
73,Ecuador,1153,Pichincha,2598,Quito,213,Potatoes (unica) - Wholesale,0,USD,14,Wholesale,5,KG,1,2021,0.22,
73,Ecuador,1153,Pichincha,2598,Quito,213,Potatoes (unica) - Wholesale,0,USD,14,Wholesale,5,KG,2,2021,0.3,
73,Ecuador,1153,Pichincha,2598,Quito,213,Potatoes (unica) - Wholesale,0,USD,14,Wholesale,5,KG,3,2021,0.3,
73,Ecuador,1153,Pichincha,2598,Quito,213,Potatoes (unica) - Wholesale,0,USD,14,Wholesale,5,KG,4,2021,0.3067,
73,Ecuador,1153,Pichincha,2598,Quito,213,Potatoes (unica) - Wholesale,0,USD,14,Wholesale,5,KG,5,2021,0.31,
73,Ecuador,1153,Pichincha,2598,Quito,213,Potatoes (unica) - Wholesale,0,USD,14,Wholesale,5,KG,6,2021,0.2667,
73,Ecuador,1153,Pichincha,2598,Quito,213,Potatoes (unica) - Wholesale,0,USD,14,Wholesale,5,KG,7,2021,0.2667,
73,Ecuador,1153,Pichincha,2598,Quito,222,"Oil (vegetable, local) - Wholesale",0,USD,14,Wholesale,5,KG,1,2021,1.57,
73,Ecuador,1153,Pichincha,2598,Quito,222,"Oil (vegetable, local) - Wholesale",0,USD,14,Wholesale,5,KG,2,2021,1.575,
73,Ecuador,1153,Pichincha,2598,Quito,222,"Oil (vegetable, local) - Wholesale",0,USD,14,Wholesale,5,KG,3,2021,1.7767,
73,Ecuador,1153,Pichincha,2598,Quito,222,"Oil (vegetable, local) - Wholesale",0,USD,14,Wholesale,5,KG,4,2021,1.97,
73,Ecuador,1153,Pichincha,2598,Quito,222,"Oil (vegetable, local) - Wholesale",0,USD,14,Wholesale,5,KG,5,2021,2.1,
73,Ecuador,1153,Pichincha,2598,Quito,222,"Oil (vegetable, local) - Wholesale",0,USD,14,Wholesale,5,KG,6,2021,2.1,
73,Ecuador,1153,Pichincha,2598,Quito,222,"Oil (vegetable, local) - Wholesale",0,USD,14,Wholesale,5,KG,7,2021,2.15,
73,Ecuador,1153,Pichincha,2598,Quito,243,Tomatoes (greenhouse) - Wholesale,0,USD,14,Wholesale,5,KG,1,2021,0.455,
73,Ecuador,1153,Pichincha,2598,Quito,243,Tomatoes (greenhouse) - Wholesale,0,USD,14,Wholesale,5,KG,2,2021,0.38,
73,Ecuador,1153,Pichincha,2598,Quito,243,Tomatoes (greenhouse) - Wholesale,0,USD,14,Wholesale,5,KG,3,2021,0.4633,
73,Ecuador,1153,Pichincha,2598,Quito,243,Tomatoes (greenhouse) - Wholesale,0,USD,14,Wholesale,5,KG,4,2021,0.5467,
73,Ecuador,1153,Pichincha,2598,Quito,243,Tomatoes (greenhouse) - Wholesale,0,USD,14,Wholesale,5,KG,5,2021,0.6333,
73,Ecuador,1153,Pichincha,2598,Quito,243,Tomatoes (greenhouse) - Wholesale,0,USD,14,Wholesale,5,KG,6,2021,0.7033,
73,Ecuador,1153,Pichincha,2598,Quito,243,Tomatoes (greenhouse) - Wholesale,0,USD,14,Wholesale,5,KG,7,2021,0.71,
73,Ecuador,1153,Pichincha,2598,Quito,254,Bananas - Wholesale,0,USD,14,Wholesale,5,KG,5,2021,0.2367,
73,Ecuador,1153,Pichincha,2598,Quito,254,Bananas - Wholesale,0,USD,14,Wholesale,5,KG,6,2021,0.1467,
73,Ecuador,1153,Pichincha,2598,Quito,254,Bananas - Wholesale,0,USD,14,Wholesale,5,KG,7,2021,0.24,
73,Ecuador,1153,Pichincha,2598,Quito,262,Beans (dry) - Wholesale,0,USD,14,Wholesale,5,KG,3,2021,2.56,
73,Ecuador,1153,Pichincha,2598,Quito,262,Beans (dry) - Wholesale,0,USD,14,Wholesale,5,KG,4,2021,2.56,
73,Ecuador,1153,Pichincha,2598,Quito,262,Beans (dry) - Wholesale,0,USD,14,Wholesale,5,KG,5,2021,2.56,
73,Ecuador,1153,Pichincha,2598,Quito,262,Beans (dry) - Wholesale,0,USD,14,Wholesale,5,KG,6,2021,2.56,
73,Ecuador,1153,Pichincha,2598,Quito,262,Beans (dry) - Wholesale,0,USD,14,Wholesale,5,KG,7,2021,2.5133,
73,Ecuador,1153,Pichincha,2598,Quito,315,Lemons - Wholesale,0,USD,14,Wholesale,5,KG,1,2021,0.35,
73,Ecuador,1153,Pichincha,2598,Quito,315,Lemons - Wholesale,0,USD,14,Wholesale,5,KG,2,2021,0.31,
73,Ecuador,1153,Pichincha,2598,Quito,315,Lemons - Wholesale,0,USD,14,Wholesale,5,KG,3,2021,0.3033,
73,Ecuador,1153,Pichincha,2598,Quito,315,Lemons - Wholesale,0,USD,14,Wholesale,5,KG,4,2021,0.43,
73,Ecuador,1153,Pichincha,2598,Quito,315,Lemons - Wholesale,0,USD,14,Wholesale,5,KG,5,2021,0.34,
73,Ecuador,1153,Pichincha,2598,Quito,315,Lemons - Wholesale,0,USD,14,Wholesale,5,KG,6,2021,0.55,
73,Ecuador,1153,Pichincha,2598,Quito,318,Lettuce - Wholesale,0,USD,14,Wholesale,5,KG,1,2021,0.295,
73,Ecuador,1153,Pichincha,2598,Quito,318,Lettuce - Wholesale,0,USD,14,Wholesale,5,KG,2,2021,0.32,
73,Ecuador,1153,Pichincha,2598,Quito,318,Lettuce - Wholesale,0,USD,14,Wholesale,5,KG,3,2021,0.23,
73,Ecuador,1153,Pichincha,2598,Quito,318,Lettuce - Wholesale,0,USD,14,Wholesale,5,KG,4,2021,0.18,
73,Ecuador,1153,Pichincha,2598,Quito,318,Lettuce - Wholesale,0,USD,14,Wholesale,5,KG,5,2021,0.1667,
73,Ecuador,1153,Pichincha,2598,Quito,318,Lettuce - Wholesale,0,USD,14,Wholesale,5,KG,6,2021,0.15,
73,Ecuador,1153,Pichincha,2598,Quito,318,Lettuce - Wholesale,0,USD,14,Wholesale,5,KG,7,2021,0.1633,
73,Ecuador,1153,Pichincha,2598,Quito,345,Apples - Wholesale,0,USD,14,Wholesale,5,KG,1,2021,1.505,
73,Ecuador,1153,Pichincha,2598,Quito,345,Apples - Wholesale,0,USD,14,Wholesale,5,KG,2,2021,1.645,
73,Ecuador,1153,Pichincha,2598,Quito,345,Apples - Wholesale,0,USD,14,Wholesale,5,KG,3,2021,1.3567,
73,Ecuador,1153,Pichincha,2598,Quito,345,Apples - Wholesale,0,USD,14,Wholesale,5,KG,4,2021,1.2667,
73,Ecuador,1153,Pichincha,2598,Quito,345,Apples - Wholesale,0,USD,14,Wholesale,5,KG,5,2021,1.24,
73,Ecuador,1153,Pichincha,2598,Quito,345,Apples - Wholesale,0,USD,14,Wholesale,5,KG,6,2021,1.2367,
73,Ecuador,1153,Pichincha,2598,Quito,345,Apples - Wholesale,0,USD,14,Wholesale,5,KG,7,2021,1.3333,
73,Ecuador,1153,Pichincha,2598,Quito,349,Sugar (white) - Wholesale,0,USD,14,Wholesale,5,KG,1,2021,0.64,
73,Ecuador,1153,Pichincha,2598,Quito,349,Sugar (white) - Wholesale,0,USD,14,Wholesale,5,KG,2,2021,0.64,
73,Ecuador,1153,Pichincha,2598,Quito,349,Sugar (white) - Wholesale,0,USD,14,Wholesale,5,KG,3,2021,0.64,
73,Ecuador,1153,Pichincha,2598,Quito,349,Sugar (white) - Wholesale,0,USD,14,Wholesale,5,KG,4,2021,0.64,
73,Ecuador,1153,Pichincha,2598,Quito,349,Sugar (white) - Wholesale,0,USD,14,Wholesale,5,KG,5,2021,0.64,
73,Ecuador,1153,Pichincha,2598,Quito,349,Sugar (white) - Wholesale,0,USD,14,Wholesale,5,KG,6,2021,0.6433,
73,Ecuador,1153,Pichincha,2598,Quito,349,Sugar (white) - Wholesale,0,USD,14,Wholesale,5,KG,7,2021,0.65,
73,Ecuador,1153,Pichincha,2598,Quito,370,Beetroots - Wholesale,0,USD,14,Wholesale,5,KG,1,2021,0.135,
73,Ecuador,1153,Pichincha,2598,Quito,370,Beetroots - Wholesale,0,USD,14,Wholesale,5,KG,2,2021,0.165,
73,Ecuador,1153,Pichincha,2598,Quito,370,Beetroots - Wholesale,0,USD,14,Wholesale,5,KG,3,2021,0.16,
73,Ecuador,1153,Pichincha,2598,Quito,370,Beetroots - Wholesale,0,USD,14,Wholesale,5,KG,4,2021,0.17,
73,Ecuador,1153,Pichincha,2598,Quito,370,Beetroots - Wholesale,0,USD,14,Wholesale,5,KG,5,2021,0.17,
73,Ecuador,1153,Pichincha,2598,Quito,370,Beetroots - Wholesale,0,USD,14,Wholesale,5,KG,6,2021,0.15,
73,Ecuador,1153,Pichincha,2598,Quito,370,Beetroots - Wholesale,0,USD,14,Wholesale,5,KG,7,2021,0.15,
73,Ecuador,1153,Pichincha,2598,Quito,380,"Rice (short grain, low quality, local) - Wholesale",0,USD,14,Wholesale,5,KG,1,2021,0.78,
73,Ecuador,1153,Pichincha,2598,Quito,380,"Rice (short grain, low quality, local) - Wholesale",0,USD,14,Wholesale,5,KG,2,2021,0.78,
73,Ecuador,1153,Pichincha,2598,Quito,380,"Rice (short grain, low quality, local) - Wholesale",0,USD,14,Wholesale,5,KG,3,2021,0.78,
73,Ecuador,1153,Pichincha,2598,Quito,380,"Rice (short grain, low quality, local) - Wholesale",0,USD,14,Wholesale,5,KG,4,2021,0.78,
73,Ecuador,1153,Pichincha,2598,Quito,380,"Rice (short grain, low quality, local) - Wholesale",0,USD,14,Wholesale,5,KG,5,2021,0.78,
73,Ecuador,1153,Pichincha,2598,Quito,380,"Rice (short grain, low quality, local) - Wholesale",0,USD,14,Wholesale,5,KG,6,2021,0.76,
73,Ecuador,1153,Pichincha,2598,Quito,380,"Rice (short grain, low quality, local) - Wholesale",0,USD,14,Wholesale,5,KG,7,2021,0.75,
73,Ecuador,1153,Pichincha,2598,Quito,388,Cucumbers - Wholesale,0,USD,14,Wholesale,5,KG,1,2021,0.26,
73,Ecuador,1153,Pichincha,2598,Quito,388,Cucumbers - Wholesale,0,USD,14,Wholesale,5,KG,2,2021,0.275,
73,Ecuador,1153,Pichincha,2598,Quito,388,Cucumbers - Wholesale,0,USD,14,Wholesale,5,KG,3,2021,0.32,
73,Ecuador,1153,Pichincha,2598,Quito,388,Cucumbers - Wholesale,0,USD,14,Wholesale,5,KG,4,2021,0.3333,
73,Ecuador,1153,Pichincha,2598,Quito,388,Cucumbers - Wholesale,0,USD,14,Wholesale,5,KG,5,2021,0.3367,
73,Ecuador,1153,Pichincha,2598,Quito,388,Cucumbers - Wholesale,0,USD,14,Wholesale,5,KG,6,2021,0.26,
73,Ecuador,1153,Pichincha,2598,Quito,388,Cucumbers - Wholesale,0,USD,14,Wholesale,5,KG,7,2021,0.2367,
73,Ecuador,1153,Pichincha,2598,Quito,408,Papaya - Wholesale,0,USD,14,Wholesale,5,KG,1,2021,0.255,
73,Ecuador,1153,Pichincha,2598,Quito,408,Papaya - Wholesale,0,USD,14,Wholesale,5,KG,2,2021,0.44,
73,Ecuador,1153,Pichincha,2598,Quito,408,Papaya - Wholesale,0,USD,14,Wholesale,5,KG,3,2021,0.605,
73,Ecuador,1153,Pichincha,2598,Quito,408,Papaya - Wholesale,0,USD,14,Wholesale,5,KG,4,2021,0.775,
73,Ecuador,1153,Pichincha,2598,Quito,408,Papaya - Wholesale,0,USD,14,Wholesale,5,KG,5,2021,0.7767,
73,Ecuador,1153,Pichincha,2598,Quito,408,Papaya - Wholesale,0,USD,14,Wholesale,5,KG,6,2021,0.77,
73,Ecuador,1153,Pichincha,2598,Quito,408,Papaya - Wholesale,0,USD,14,Wholesale,5,KG,7,2021,0.545,
73,Ecuador,1153,Pichincha,2598,Quito,409,Blackberry - Wholesale,0,USD,14,Wholesale,5,KG,1,2021,1.24,
73,Ecuador,1153,Pichincha,2598,Quito,409,Blackberry - Wholesale,0,USD,14,Wholesale,5,KG,2,2021,1.38,
73,Ecuador,1153,Pichincha,2598,Quito,409,Blackberry - Wholesale,0,USD,14,Wholesale,5,KG,3,2021,1.5867,
73,Ecuador,1153,Pichincha,2598,Quito,409,Blackberry - Wholesale,0,USD,14,Wholesale,5,KG,4,2021,1.2633,
73,Ecuador,1153,Pichincha,2598,Quito,409,Blackberry - Wholesale,0,USD,14,Wholesale,5,KG,5,2021,1.3167,
73,Ecuador,1153,Pichincha,2598,Quito,409,Blackberry - Wholesale,0,USD,14,Wholesale,5,KG,6,2021,1.22,
73,Ecuador,1153,Pichincha,2598,Quito,409,Blackberry - Wholesale,0,USD,14,Wholesale,5,KG,7,2021,1.12,
73,Ecuador,1153,Pichincha,2598,Quito,410,Broccoli - Wholesale,0,USD,14,Wholesale,5,KG,1,2021,0.345,
73,Ecuador,1153,Pichincha,2598,Quito,410,Broccoli - Wholesale,0,USD,14,Wholesale,5,KG,2,2021,0.525,
73,Ecuador,1153,Pichincha,2598,Quito,410,Broccoli - Wholesale,0,USD,14,Wholesale,5,KG,3,2021,0.5133,
73,Ecuador,1153,Pichincha,2598,Quito,410,Broccoli - Wholesale,0,USD,14,Wholesale,5,KG,4,2021,0.4367,
73,Ecuador,1153,Pichincha,2598,Quito,410,Broccoli - Wholesale,0,USD,14,Wholesale,5,KG,5,2021,0.4233,
73,Ecuador,1153,Pichincha,2598,Quito,410,Broccoli - Wholesale,0,USD,14,Wholesale,5,KG,6,2021,0.4033,
73,Ecuador,1153,Pichincha,2598,Quito,410,Broccoli - Wholesale,0,USD,14,Wholesale,5,KG,7,2021,0.3933,
73,Ecuador,1153,Pichincha,2598,Quito,440,"Maize (white, dry) - Wholesale",0,USD,14,Wholesale,5,KG,1,2021,1.21,
73,Ecuador,1153,Pichincha,2598,Quito,440,"Maize (white, dry) - Wholesale",0,USD,14,Wholesale,5,KG,2,2021,1.21,
73,Ecuador,1153,Pichincha,2598,Quito,440,"Maize (white, dry) - Wholesale",0,USD,14,Wholesale,5,KG,3,2021,1.21,
73,Ecuador,1153,Pichincha,2598,Quito,440,"Maize (white, dry) - Wholesale",0,USD,14,Wholesale,5,KG,4,2021,1.21,
73,Ecuador,1153,Pichincha,2598,Quito,440,"Maize (white, dry) - Wholesale",0,USD,14,Wholesale,5,KG,5,2021,1.29,
73,Ecuador,1153,Pichincha,2598,Quito,440,"Maize (white, dry) - Wholesale",0,USD,14,Wholesale,5,KG,6,2021,1.29,
73,Ecuador,1153,Pichincha,2598,Quito,440,"Maize (white, dry) - Wholesale",0,USD,14,Wholesale,5,KG,7,2021,1.29,
73,Ecuador,1153,Pichincha,2598,Quito,447,Passion fruit - Wholesale,0,USD,14,Wholesale,5,KG,1,2021,0.405,
73,Ecuador,1153,Pichincha,2598,Quito,447,Passion fruit - Wholesale,0,USD,14,Wholesale,5,KG,2,2021,0.39,
73,Ecuador,1153,Pichincha,2598,Quito,447,Passion fruit - Wholesale,0,USD,14,Wholesale,5,KG,3,2021,0.3467,
73,Ecuador,1153,Pichincha,2598,Quito,447,Passion fruit - Wholesale,0,USD,14,Wholesale,5,KG,4,2021,0.365,
73,Ecuador,1153,Pichincha,2598,Quito,447,Passion fruit - Wholesale,0,USD,14,Wholesale,5,KG,5,2021,0.43,
73,Ecuador,1153,Pichincha,2598,Quito,447,Passion fruit - Wholesale,0,USD,14,Wholesale,5,KG,6,2021,0.4333,
73,Ecuador,1153,Pichincha,2598,Quito,447,Passion fruit - Wholesale,0,USD,14,Wholesale,5,KG,7,2021,0.44,
73,Ecuador,1153,Pichincha,2598,Quito,454,Avocados - Wholesale,0,USD,14,Wholesale,5,KG,1,2021,1.46,
73,Ecuador,1153,Pichincha,2598,Quito,454,Avocados - Wholesale,0,USD,14,Wholesale,5,KG,2,2021,1.56,
73,Ecuador,1153,Pichincha,2598,Quito,454,Avocados - Wholesale,0,USD,14,Wholesale,5,KG,3,2021,1.7533,
73,Ecuador,1153,Pichincha,2598,Quito,454,Avocados - Wholesale,0,USD,14,Wholesale,5,KG,4,2021,1.53,
73,Ecuador,1153,Pichincha,2598,Quito,454,Avocados - Wholesale,0,USD,14,Wholesale,5,KG,5,2021,1.4833,
73,Ecuador,1153,Pichincha,2598,Quito,454,Avocados - Wholesale,0,USD,14,Wholesale,5,KG,6,2021,1.4633,
73,Ecuador,1153,Pichincha,2598,Quito,454,Avocados - Wholesale,0,USD,14,Wholesale,5,KG,7,2021,1.63,
73,Ecuador,1153,Pichincha,2598,Quito,456,Peas (fresh) - Wholesale,0,USD,14,Wholesale,5,KG,1,2021,0.96,
73,Ecuador,1153,Pichincha,2598,Quito,456,Peas (fresh) - Wholesale,0,USD,14,Wholesale,5,KG,2,2021,0.905,
73,Ecuador,1153,Pichincha,2598,Quito,456,Peas (fresh) - Wholesale,0,USD,14,Wholesale,5,KG,3,2021,1.0167,
73,Ecuador,1153,Pichincha,2598,Quito,456,Peas (fresh) - Wholesale,0,USD,14,Wholesale,5,KG,4,2021,1.2533,
73,Ecuador,1153,Pichincha,2598,Quito,456,Peas (fresh) - Wholesale,0,USD,14,Wholesale,5,KG,5,2021,1.07,
73,Ecuador,1153,Pichincha,2598,Quito,456,Peas (fresh) - Wholesale,0,USD,14,Wholesale,5,KG,6,2021,1.4733,
73,Ecuador,1153,Pichincha,2598,Quito,456,Peas (fresh) - Wholesale,0,USD,14,Wholesale,5,KG,7,2021,1.2,
73,Ecuador,1153,Pichincha,2598,Quito,504,"Onions (white, dry) - Wholesale",0,USD,14,Wholesale,5,KG,1,2021,0.32,
73,Ecuador,1153,Pichincha,2598,Quito,504,"Onions (white, dry) - Wholesale",0,USD,14,Wholesale,5,KG,2,2021,0.44,
73,Ecuador,1153,Pichincha,2598,Quito,504,"Onions (white, dry) - Wholesale",0,USD,14,Wholesale,5,KG,3,2021,0.4333,
73,Ecuador,1153,Pichincha,2598,Quito,504,"Onions (white, dry) - Wholesale",0,USD,14,Wholesale,5,KG,4,2021,0.4033,
73,Ecuador,1153,Pichincha,2598,Quito,504,"Onions (white, dry) - Wholesale",0,USD,14,Wholesale,5,KG,5,2021,0.3533,
73,Ecuador,1153,Pichincha,2598,Quito,504,"Onions (white, dry) - Wholesale",0,USD,14,Wholesale,5,KG,6,2021,0.24,
73,Ecuador,1153,Pichincha,2598,Quito,504,"Onions (white, dry) - Wholesale",0,USD,14,Wholesale,5,KG,7,2021,0.23,
73,Ecuador,1153,Pichincha,2598,Quito,524,Pineapples - Wholesale,0,USD,14,Wholesale,5,KG,1,2021,0.42,
73,Ecuador,1153,Pichincha,2598,Quito,524,Pineapples - Wholesale,0,USD,14,Wholesale,5,KG,2,2021,0.39,
73,Ecuador,1153,Pichincha,2598,Quito,524,Pineapples - Wholesale,0,USD,14,Wholesale,5,KG,3,2021,0.45,
73,Ecuador,1153,Pichincha,2598,Quito,524,Pineapples - Wholesale,0,USD,14,Wholesale,5,KG,4,2021,0.42,
73,Ecuador,1153,Pichincha,2598,Quito,524,Pineapples - Wholesale,0,USD,14,Wholesale,5,KG,5,2021,0.4367,
73,Ecuador,1153,Pichincha,2598,Quito,524,Pineapples - Wholesale,0,USD,14,Wholesale,5,KG,6,2021,0.4933,
73,Ecuador,1153,Pichincha,2598,Quito,524,Pineapples - Wholesale,0,USD,14,Wholesale,5,KG,7,2021,0.4967,
73,Ecuador,1153,Pichincha,2598,Quito,713,Peppers (fresh) - Wholesale,0,USD,14,Wholesale,5,KG,1,2021,0.37,
73,Ecuador,1153,Pichincha,2598,Quito,713,Peppers (fresh) - Wholesale,0,USD,14,Wholesale,5,KG,2,2021,0.29,
73,Ecuador,1153,Pichincha,2598,Quito,713,Peppers (fresh) - Wholesale,0,USD,14,Wholesale,5,KG,3,2021,0.5067,
73,Ecuador,1153,Pichincha,2598,Quito,713,Peppers (fresh) - Wholesale,0,USD,14,Wholesale,5,KG,4,2021,1.0433,
73,Ecuador,1153,Pichincha,2598,Quito,713,Peppers (fresh) - Wholesale,0,USD,14,Wholesale,5,KG,5,2021,0.6567,
73,Ecuador,1153,Pichincha,2598,Quito,713,Peppers (fresh) - Wholesale,0,USD,14,Wholesale,5,KG,6,2021,0.5733,
73,Ecuador,1153,Pichincha,2598,Quito,713,Peppers (fresh) - Wholesale,0,USD,14,Wholesale,5,KG,7,2021,0.5667,
73,Ecuador,1153,Pichincha,2598,Quito,716,Watermelons - Wholesale,0,USD,14,Wholesale,5,KG,1,2021,0.28,
73,Ecuador,1153,Pichincha,2598,Quito,716,Watermelons - Wholesale,0,USD,14,Wholesale,5,KG,2,2021,0.305,
73,Ecuador,1153,Pichincha,2598,Quito,716,Watermelons - Wholesale,0,USD,14,Wholesale,5,KG,3,2021,0.305,
73,Ecuador,1153,Pichincha,2598,Quito,716,Watermelons - Wholesale,0,USD,14,Wholesale,5,KG,4,2021,0.2967,
73,Ecuador,1153,Pichincha,2598,Quito,716,Watermelons - Wholesale,0,USD,14,Wholesale,5,KG,5,2021,0.2667,
73,Ecuador,1153,Pichincha,2598,Quito,716,Watermelons - Wholesale,0,USD,14,Wholesale,5,KG,6,2021,0.3,
73,Ecuador,1153,Pichincha,2598,Quito,716,Watermelons - Wholesale,0,USD,14,Wholesale,5,KG,7,2021,0.2433,
73,Ecuador,1153,Pichincha,2598,Quito,723,Oat flakes - Wholesale,0,USD,14,Wholesale,5,KG,1,2021,0.95,
73,Ecuador,1153,Pichincha,2598,Quito,723,Oat flakes - Wholesale,0,USD,14,Wholesale,5,KG,2,2021,0.95,
73,Ecuador,1153,Pichincha,2598,Quito,723,Oat flakes - Wholesale,0,USD,14,Wholesale,5,KG,3,2021,0.95,
73,Ecuador,1153,Pichincha,2598,Quito,723,Oat flakes - Wholesale,0,USD,14,Wholesale,5,KG,4,2021,0.9567,
73,Ecuador,1153,Pichincha,2598,Quito,723,Oat flakes - Wholesale,0,USD,14,Wholesale,5,KG,5,2021,0.96,
73,Ecuador,1153,Pichincha,2598,Quito,723,Oat flakes - Wholesale,0,USD,14,Wholesale,5,KG,6,2021,0.9333,
73,Ecuador,1153,Pichincha,2598,Quito,723,Oat flakes - Wholesale,0,USD,14,Wholesale,5,KG,7,2021,0.9233,
73,Ecuador,1153,Pichincha,2598,Quito,724,Beans (pod) - Wholesale,0,USD,14,Wholesale,5,KG,1,2021,0.715,
73,Ecuador,1153,Pichincha,2598,Quito,724,Beans (pod) - Wholesale,0,USD,14,Wholesale,5,KG,2,2021,0.5925,
73,Ecuador,1153,Pichincha,2598,Quito,724,Beans (pod) - Wholesale,0,USD,14,Wholesale,5,KG,3,2021,0.6067,
73,Ecuador,1153,Pichincha,2598,Quito,724,Beans (pod) - Wholesale,0,USD,14,Wholesale,5,KG,4,2021,0.5383,
73,Ecuador,1153,Pichincha,2598,Quito,724,Beans (pod) - Wholesale,0,USD,14,Wholesale,5,KG,5,2021,0.4783,
73,Ecuador,1153,Pichincha,2598,Quito,724,Beans (pod) - Wholesale,0,USD,14,Wholesale,5,KG,6,2021,0.5367,
73,Ecuador,1153,Pichincha,2598,Quito,724,Beans (pod) - Wholesale,0,USD,14,Wholesale,5,KG,7,2021,0.5283,
73,Ecuador,1153,Pichincha,2598,Quito,725,"Onions (red, dry) - Wholesale",0,USD,14,Wholesale,5,KG,1,2021,0.21,
73,Ecuador,1153,Pichincha,2598,Quito,725,"Onions (red, dry) - Wholesale",0,USD,14,Wholesale,5,KG,2,2021,0.32,
73,Ecuador,1153,Pichincha,2598,Quito,725,"Onions (red, dry) - Wholesale",0,USD,14,Wholesale,5,KG,3,2021,0.34,
73,Ecuador,1153,Pichincha,2598,Quito,725,"Onions (red, dry) - Wholesale",0,USD,14,Wholesale,5,KG,4,2021,0.3,
73,Ecuador,1153,Pichincha,2598,Quito,725,"Onions (red, dry) - Wholesale",0,USD,14,Wholesale,5,KG,5,2021,0.2067,
73,Ecuador,1153,Pichincha,2598,Quito,725,"Onions (red, dry) - Wholesale",0,USD,14,Wholesale,5,KG,6,2021,0.1567,
73,Ecuador,1153,Pichincha,2598,Quito,725,"Onions (red, dry) - Wholesale",0,USD,14,Wholesale,5,KG,7,2021,0.16,
73,Ecuador,1153,Pichincha,2598,Quito,726,Potatoes (super chola) - Wholesale,0,USD,14,Wholesale,5,KG,1,2021,0.31,
73,Ecuador,1153,Pichincha,2598,Quito,726,Potatoes (super chola) - Wholesale,0,USD,14,Wholesale,5,KG,2,2021,0.435,
73,Ecuador,1153,Pichincha,2598,Quito,726,Potatoes (super chola) - Wholesale,0,USD,14,Wholesale,5,KG,3,2021,0.3967,
73,Ecuador,1153,Pichincha,2598,Quito,726,Potatoes (super chola) - Wholesale,0,USD,14,Wholesale,5,KG,4,2021,0.3467,
73,Ecuador,1153,Pichincha,2598,Quito,726,Potatoes (super chola) - Wholesale,0,USD,14,Wholesale,5,KG,5,2021,0.3733,
73,Ecuador,1153,Pichincha,2598,Quito,726,Potatoes (super chola) - Wholesale,0,USD,14,Wholesale,5,KG,6,2021,0.39,
73,Ecuador,1153,Pichincha,2598,Quito,726,Potatoes (super chola) - Wholesale,0,USD,14,Wholesale,5,KG,7,2021,0.4333,
73,Ecuador,1153,Pichincha,2598,Quito,727,Strawberries - Wholesale,0,USD,14,Wholesale,5,KG,1,2021,1.475,
73,Ecuador,1153,Pichincha,2598,Quito,727,Strawberries - Wholesale,0,USD,14,Wholesale,5,KG,2,2021,1.475,
73,Ecuador,1153,Pichincha,2598,Quito,727,Strawberries - Wholesale,0,USD,14,Wholesale,5,KG,3,2021,1.6467,
73,Ecuador,1153,Pichincha,2598,Quito,727,Strawberries - Wholesale,0,USD,14,Wholesale,5,KG,4,2021,1.52,
73,Ecuador,1153,Pichincha,2598,Quito,727,Strawberries - Wholesale,0,USD,14,Wholesale,5,KG,5,2021,1.61,
73,Ecuador,1153,Pichincha,2598,Quito,727,Strawberries - Wholesale,0,USD,14,Wholesale,5,KG,6,2021,1.52,
73,Ecuador,1153,Pichincha,2598,Quito,727,Strawberries - Wholesale,0,USD,14,Wholesale,5,KG,7,2021,1.4833,
73,Ecuador,1153,Pichincha,2598,Quito,728,Melons (cantaloupe) - Wholesale,0,USD,14,Wholesale,5,KG,1,2021,0.7,
73,Ecuador,1153,Pichincha,2598,Quito,728,Melons (cantaloupe) - Wholesale,0,USD,14,Wholesale,5,KG,2,2021,0.665,
73,Ecuador,1153,Pichincha,2598,Quito,728,Melons (cantaloupe) - Wholesale,0,USD,14,Wholesale,5,KG,3,2021,0.8533,
73,Ecuador,1153,Pichincha,2598,Quito,728,Melons (cantaloupe) - Wholesale,0,USD,14,Wholesale,5,KG,4,2021,0.77,
73,Ecuador,1153,Pichincha,2598,Quito,728,Melons (cantaloupe) - Wholesale,0,USD,14,Wholesale,5,KG,5,2021,0.7,
73,Ecuador,1153,Pichincha,2598,Quito,728,Melons (cantaloupe) - Wholesale,0,USD,14,Wholesale,5,KG,6,2021,0.8267,
73,Ecuador,1153,Pichincha,2598,Quito,728,Melons (cantaloupe) - Wholesale,0,USD,14,Wholesale,5,KG,7,2021,0.9267,
73,Ecuador,1153,Pichincha,2598,Quito,729,Naranjilla (hybrid) - Wholesale,0,USD,14,Wholesale,5,KG,1,2021,0.48,
73,Ecuador,1153,Pichincha,2598,Quito,729,Naranjilla (hybrid) - Wholesale,0,USD,14,Wholesale,5,KG,2,2021,0.54,
73,Ecuador,1153,Pichincha,2598,Quito,729,Naranjilla (hybrid) - Wholesale,0,USD,14,Wholesale,5,KG,3,2021,0.59,
73,Ecuador,1153,Pichincha,2598,Quito,729,Naranjilla (hybrid) - Wholesale,0,USD,14,Wholesale,5,KG,4,2021,0.6533,
73,Ecuador,1153,Pichincha,2598,Quito,729,Naranjilla (hybrid) - Wholesale,0,USD,14,Wholesale,5,KG,5,2021,0.64,
73,Ecuador,1153,Pichincha,2598,Quito,729,Naranjilla (hybrid) - Wholesale,0,USD,14,Wholesale,5,KG,6,2021,0.56,
73,Ecuador,1153,Pichincha,2598,Quito,729,Naranjilla (hybrid) - Wholesale,0,USD,14,Wholesale,5,KG,7,2021,0.5767,
73,Ecuador,1153,Pichincha,2598,Quito,730,"Plantains (barraganete, mature) - Wholesale",0,USD,14,Wholesale,5,KG,1,2021,0.335,
73,Ecuador,1153,Pichincha,2598,Quito,730,"Plantains (barraganete, mature) - Wholesale",0,USD,14,Wholesale,5,KG,2,2021,0.295,
73,Ecuador,1153,Pichincha,2598,Quito,730,"Plantains (barraganete, mature) - Wholesale",0,USD,14,Wholesale,5,KG,3,2021,0.2333,
73,Ecuador,1153,Pichincha,2598,Quito,730,"Plantains (barraganete, mature) - Wholesale",0,USD,14,Wholesale,5,KG,4,2021,0.2,
73,Ecuador,1153,Pichincha,2598,Quito,730,"Plantains (barraganete, mature) - Wholesale",0,USD,14,Wholesale,5,KG,5,2021,0.2567,
73,Ecuador,1153,Pichincha,2598,Quito,730,"Plantains (barraganete, mature) - Wholesale",0,USD,14,Wholesale,5,KG,6,2021,0.33,
73,Ecuador,1153,Pichincha,2598,Quito,730,"Plantains (barraganete, mature) - Wholesale",0,USD,14,Wholesale,5,KG,7,2021,0.3433,
73,Ecuador,1153,Pichincha,2598,Quito,731,"Plantains (barraganete, green) - Wholesale",0,USD,14,Wholesale,5,KG,1,2021,0.335,
73,Ecuador,1153,Pichincha,2598,Quito,731,"Plantains (barraganete, green) - Wholesale",0,USD,14,Wholesale,5,KG,2,2021,0.295,
73,Ecuador,1153,Pichincha,2598,Quito,731,"Plantains (barraganete, green) - Wholesale",0,USD,14,Wholesale,5,KG,3,2021,0.2333,
73,Ecuador,1153,Pichincha,2598,Quito,731,"Plantains (barraganete, green) - Wholesale",0,USD,14,Wholesale,5,KG,4,2021,0.2,
73,Ecuador,1153,Pichincha,2598,Quito,731,"Plantains (barraganete, green) - Wholesale",0,USD,14,Wholesale,5,KG,5,2021,0.2533,
73,Ecuador,1153,Pichincha,2598,Quito,731,"Plantains (barraganete, green) - Wholesale",0,USD,14,Wholesale,5,KG,6,2021,0.33,
73,Ecuador,1153,Pichincha,2598,Quito,731,"Plantains (barraganete, green) - Wholesale",0,USD,14,Wholesale,5,KG,7,2021,0.3433,
73,Ecuador,1153,Pichincha,2598,Quito,732,"Plantains (dominico, mature) - Wholesale",0,USD,14,Wholesale,5,KG,1,2021,0.25,
73,Ecuador,1153,Pichincha,2598,Quito,732,"Plantains (dominico, mature) - Wholesale",0,USD,14,Wholesale,5,KG,2,2021,0.25,
73,Ecuador,1153,Pichincha,2598,Quito,732,"Plantains (dominico, mature) - Wholesale",0,USD,14,Wholesale,5,KG,3,2021,0.2067,
73,Ecuador,1153,Pichincha,2598,Quito,732,"Plantains (dominico, mature) - Wholesale",0,USD,14,Wholesale,5,KG,4,2021,0.21,
73,Ecuador,1153,Pichincha,2598,Quito,732,"Plantains (dominico, mature) - Wholesale",0,USD,14,Wholesale,5,KG,5,2021,0.2433,
73,Ecuador,1153,Pichincha,2598,Quito,732,"Plantains (dominico, mature) - Wholesale",0,USD,14,Wholesale,5,KG,6,2021,0.2567,
73,Ecuador,1153,Pichincha,2598,Quito,732,"Plantains (dominico, mature) - Wholesale",0,USD,14,Wholesale,5,KG,7,2021,0.2833,
73,Ecuador,1153,Pichincha,2598,Quito,733,"Plantains (dominico, green) - Wholesale",0,USD,14,Wholesale,5,KG,1,2021,0.235,
73,Ecuador,1153,Pichincha,2598,Quito,733,"Plantains (dominico, green) - Wholesale",0,USD,14,Wholesale,5,KG,2,2021,0.24,
73,Ecuador,1153,Pichincha,2598,Quito,733,"Plantains (dominico, green) - Wholesale",0,USD,14,Wholesale,5,KG,3,2021,0.2067,
73,Ecuador,1153,Pichincha,2598,Quito,733,"Plantains (dominico, green) - Wholesale",0,USD,14,Wholesale,5,KG,4,2021,0.21,
73,Ecuador,1153,Pichincha,2598,Quito,733,"Plantains (dominico, green) - Wholesale",0,USD,14,Wholesale,5,KG,5,2021,0.2433,
73,Ecuador,1153,Pichincha,2598,Quito,733,"Plantains (dominico, green) - Wholesale",0,USD,14,Wholesale,5,KG,6,2021,0.2567,
73,Ecuador,1153,Pichincha,2598,Quito,733,"Plantains (dominico, green) - Wholesale",0,USD,14,Wholesale,5,KG,7,2021,0.2833,
73,Ecuador,1153,Pichincha,2598,Quito,734,Tree tomatoes - Wholesale,0,USD,14,Wholesale,5,KG,1,2021,0.825,
73,Ecuador,1153,Pichincha,2598,Quito,734,Tree tomatoes - Wholesale,0,USD,14,Wholesale,5,KG,2,2021,0.835,
73,Ecuador,1153,Pichincha,2598,Quito,734,Tree tomatoes - Wholesale,0,USD,14,Wholesale,5,KG,3,2021,0.8633,
73,Ecuador,1153,Pichincha,2598,Quito,734,Tree tomatoes - Wholesale,0,USD,14,Wholesale,5,KG,4,2021,0.85,
73,Ecuador,1153,Pichincha,2598,Quito,734,Tree tomatoes - Wholesale,0,USD,14,Wholesale,5,KG,5,2021,0.7833,
73,Ecuador,1153,Pichincha,2598,Quito,734,Tree tomatoes - Wholesale,0,USD,14,Wholesale,5,KG,6,2021,0.7567,
73,Ecuador,1153,Pichincha,2598,Quito,734,Tree tomatoes - Wholesale,0,USD,14,Wholesale,5,KG,7,2021,0.8267,
73,Ecuador,1153,Pichincha,2598,Quito,735,Grapes (black) - Wholesale,0,USD,14,Wholesale,5,KG,3,2021,1.73,
73,Ecuador,1153,Pichincha,2598,Quito,735,Grapes (black) - Wholesale,0,USD,14,Wholesale,5,KG,4,2021,1.6733,
73,Ecuador,1153,Pichincha,2598,Quito,735,Grapes (black) - Wholesale,0,USD,14,Wholesale,5,KG,5,2021,1.4633,
73,Ecuador,1153,Pichincha,2598,Quito,735,Grapes (black) - Wholesale,0,USD,14,Wholesale,5,KG,6,2021,1.4867,
73,Ecuador,1153,Pichincha,2598,Quito,735,Grapes (black) - Wholesale,0,USD,14,Wholesale,5,KG,7,2021,1.33,
73,Ecuador,1153,Pichincha,2598,Quito,736,Grapes (pink) - Wholesale,0,USD,14,Wholesale,5,KG,2,2021,1.645,
73,Ecuador,1153,Pichincha,2598,Quito,736,Grapes (pink) - Wholesale,0,USD,14,Wholesale,5,KG,3,2021,1.615,
73,Ecuador,1153,Pichincha,2598,Quito,736,Grapes (pink) - Wholesale,0,USD,14,Wholesale,5,KG,4,2021,1.53,
73,Ecuador,1153,Pichincha,2598,Quito,736,Grapes (pink) - Wholesale,0,USD,14,Wholesale,5,KG,5,2021,1.8233,
73,Ecuador,1153,Pichincha,2598,Quito,736,Grapes (pink) - Wholesale,0,USD,14,Wholesale,5,KG,6,2021,1.7517,
73,Ecuador,1153,Pichincha,2598,Quito,736,Grapes (pink) - Wholesale,0,USD,14,Wholesale,5,KG,7,2021,1.7683,
75,El Salvador,1193,,159,San Salvador,52,Rice - Retail,0,USD,15,Retail,50,Libra,1,2021,0.5,
75,El Salvador,1193,,159,San Salvador,58,Wheat flour - Wholesale,0,USD,14,Wholesale,105,50 Pounds,1,2021,14.1,
75,El Salvador,1193,,159,San Salvador,58,Wheat flour - Wholesale,0,USD,14,Wholesale,105,50 Pounds,2,2021,14.46,
75,El Salvador,1193,,159,San Salvador,58,Wheat flour - Wholesale,0,USD,14,Wholesale,105,50 Pounds,3,2021,14.55,
75,El Salvador,1193,,159,San Salvador,58,Wheat flour - Wholesale,0,USD,14,Wholesale,105,50 Pounds,4,2021,14.6099,
75,El Salvador,1193,,159,San Salvador,65,Sorghum - Wholesale,0,USD,14,Wholesale,108,46 KG,1,2021,14,
75,El Salvador,1193,,159,San Salvador,65,Sorghum - Wholesale,0,USD,14,Wholesale,108,46 KG,2,2021,13.31,
75,El Salvador,1193,,159,San Salvador,65,Sorghum - Wholesale,0,USD,14,Wholesale,108,46 KG,3,2021,13.64,
75,El Salvador,1193,,159,San Salvador,65,Sorghum - Wholesale,0,USD,14,Wholesale,108,46 KG,4,2021,14.7399,
75,El Salvador,1193,,159,San Salvador,65,Sorghum - Wholesale,0,USD,14,Wholesale,108,46 KG,5,2021,14.68,
75,El Salvador,1193,,159,San Salvador,65,Sorghum - Wholesale,0,USD,14,Wholesale,108,46 KG,6,2021,14.77,
75,El Salvador,1193,,159,San Salvador,65,Sorghum - Retail,0,USD,15,Retail,50,Libra,1,2021,0.2,
75,El Salvador,1193,,159,San Salvador,67,Maize (white) - Retail,0,USD,15,Retail,50,Libra,1,2021,0.2,
75,El Salvador,1193,,159,San Salvador,78,Beans (red) - Retail,0,USD,15,Retail,50,Libra,1,2021,0.66,
75,El Salvador,1193,,159,San Salvador,79,Beans (silk red) - Retail,0,USD,15,Retail,50,Libra,1,2021,0.72,
